id;group;label;Wikidata;DBpedia;CSO;embeddingID;embedding
astro-ph;astro-ph;Astrophysics;;;;;
astro-ph.CO;astro-ph;Cosmology and Nongalactic Astrophysics;;;;;
astro-ph.EP;astro-ph;Earth and Planetary Astrophysics;;;;;
astro-ph.GA;astro-ph;Astrophysics of Galaxies;;;;;
astro-ph.HE;astro-ph;High Energy Astrophysical Phenomena;;;;;
astro-ph.IM;astro-ph;Instrumentation and Methods for Astrophysics;;;;;
astro-ph.SR;astro-ph;Solar and Stellar Astrophysics;;;;;
cond-mat.dis-nn;cond-mat;Disordered Systems and Neural Networks;;;;;
cond-mat.mes-hall;cond-mat;Mesoscale and Nanoscale Physics;;;;;
cond-mat.mtrl-sci;cond-mat;Materials Science;;;;;
cond-mat.other;cond-mat;Other Condensed Matter;;;;;
cond-mat.quant-gas;cond-mat;Quantum Gases;;;;;
cond-mat.soft;cond-mat;Soft Condensed Matter;;;;;
cond-mat.stat-mech;cond-mat;Statistical Mechanics;;;;;
cond-mat.str-el;cond-mat;Strongly Correlated Electrons;;;;;
cond-mat.supr-con;cond-mat;Superconductivity;;;;;
cs.AI;cs;Artificial Intelligence;http://www.wikidata.org/entity/Q11660;http://dbpedia.org/resource/Artificial_Intelligence;https://cso.kmi.open.ac.uk/topics/artificial_intelligence;0.0;"[-0.22924659 -0.11373848 -0.14934558  0.08090859  0.48647574 -0.50554836
  0.36449403 -0.74101895  0.00179868  0.32445621 -0.3367642   0.11219462
 -0.16579252 -0.05776438 -0.46282825 -0.23773926  0.21999702 -0.05655952
 -0.14925024  0.17758812 -0.5502657  -0.7798082  -0.34078166 -0.07666177
  0.7873371   0.0318726  -0.1272532   0.30146316  0.25925648 -0.3000289
  0.49446797  0.22731593  0.10293797 -0.3320876   0.17680092  0.9091108
 -0.22808507 -0.02070816  0.54141444  0.21038423  0.09271783 -0.49427783
  1.3375144  -0.3630164  -0.20292404  0.30380353  0.10099133 -0.2747476
  0.7345991   0.21323763 -0.12117086 -0.01509134 -0.34908435  0.3586433
  0.15231071  0.09395774  1.0180207   0.2870033   0.19230005  0.24068855
 -0.06511412  0.02946224 -0.339145    0.33033106 -0.15171267  0.47505298
  0.10244487  0.01708958  0.16748002  0.30631974 -0.01250478  0.02736043
  0.34641245  0.18761894 -0.46655917  0.16892779 -0.06817612  0.29640803
 -0.1003908  -0.52283806  0.21841839 -0.39596015  0.19842972  0.23566298
 -0.23360866 -0.13897598  0.44964314  0.23272632  0.40647542  0.33349767
  0.37622634  0.47884315 -0.420633    0.09022963 -0.34524053  0.4457303
 -0.45795417  0.42184368  0.0672464  -0.14340588  0.0596541  -0.52305955
 -0.24539311  0.34323838 -0.22914974  0.65694124  0.45463365 -0.3579704
 -0.373619   -0.91080683  0.4211494   0.3311873  -0.45215982  0.5105596
 -0.18398383 -0.16800705  0.35596377  0.15163995  0.61986077 -0.31317362
  0.25893313 -0.20124544 -0.36220488  0.5228257   0.04067473  0.18227969
 -0.77789897 -0.24816088  0.5244413  -0.57863367  0.65251577 -0.52073437
 -0.31397986  0.08634542  0.01565707 -0.10336559 -0.19904488 -0.16298869
 -0.44590366  0.3690865   0.18752669  0.14883834 -0.48707548  0.2224602
  0.622071   -0.17503448 -0.38837123 -0.01717827 -0.43816197  0.28724143
  0.49621248  0.5626518  -0.156875   -0.55203915  0.10261645  0.21888396
 -0.01085035 -0.6351494  -0.42770684  0.1547625   0.55336094  0.3226
 -0.29518107  0.00843813  0.04797836  0.2482934  -0.3741994  -0.05367687
  0.48100775 -0.3169798   0.05179793 -0.17369089 -0.26631248 -0.23000109
 -0.41534364 -0.15011957  0.02782092  0.08883265 -0.2725289   0.15864897
 -0.167942    0.3004769  -0.37318182  0.2972202   0.15315379 -0.23924395
 -0.65844077  0.1670683   0.6191328  -0.18072212 -0.50544935  0.04631517
 -0.17779925  0.12441806 -0.31098574 -0.10279669 -0.09896469 -0.57835656
 -0.07553142  0.05885681]"
cs.AR;cs;Hardware Architecture;http://www.wikidata.org/wiki/Q5656403;http://dbpedia.org/resource/Hardware_architecture;https://cso.kmi.open.ac.uk/topics/hardware_architecture;1.0;"[-0.12516294 -0.09210468 -0.19862115  0.44878322 -0.44590193 -0.30082867
 -0.2486233   0.12932456 -0.18426922  0.00908364  0.24794662 -0.35409692
  0.19974452 -0.02573808 -0.27060863 -0.30177334  0.16360882 -0.2218829
 -0.4850162   0.3804247  -0.0126965  -0.10276655  0.37615842 -0.25937927
  0.476842   -0.14267923  0.16806091 -0.0577514   0.21946749 -0.15159544
  0.28297237  0.3426213  -0.4040246   0.77616066  0.4280305   0.6797561
  0.15906654  0.22363263  0.16721156 -0.03985109  0.16100048 -0.455152
 -0.16602156 -0.1877203  -0.02803025 -0.00954153 -0.08552288  0.26232263
  0.09791027  0.15869425  0.03032918 -0.2056489   0.1539484  -0.0962521
  0.22930293  0.34184778  0.28541127  0.371896    0.312159   -0.2021578
 -0.37832692  0.18915085 -0.46218792  0.8026491  -0.15631647 -0.16071771
 -0.02365935 -0.191259    0.02717075 -0.19587721  0.07587805  0.09987647
 -0.07215921  0.0572833  -0.43146145  0.19075431 -0.12171548  0.07687654
 -0.1160611  -0.5001454   0.10412733  0.20550121  0.6195663   0.16684352
 -0.5282362  -0.27818224 -0.22028108  0.09307287  0.28672266 -0.03794606
 -0.68354255  0.0542943   0.50113446 -0.0282844  -0.03863134  0.2657817
 -0.15457937  0.24177134 -0.10473963 -0.42356983 -0.32876536 -0.03734192
  0.2936821   0.644156   -0.41829145  0.17388326  0.34601846  0.08739261
 -0.38131973  0.16237342  0.3939736   0.12603183  0.10411002 -0.02273346
 -0.42490682 -0.15475455 -0.41350546  0.3294478   0.03349137  0.01492449
 -0.39957112  0.2095416  -0.19930434  0.15758114 -0.39969274 -0.23472252
 -0.1331076  -0.00497231  0.46408123  0.20342666 -0.10001461 -0.26690233
  0.01107522  0.21082325  0.06212021 -0.12667833 -0.21987447  0.07846928
  0.38633862  0.5294828   0.21179788  0.40369025 -0.00086451  0.07830515
  0.66685236 -0.20996878 -0.58289444  0.17913269 -0.35559416  0.28676775
  0.50571895  0.5800153   0.13800977 -0.21242654  0.09076383  0.21082827
  0.31022382 -0.03495917  0.0009762  -0.19730288  0.14986248  0.39004877
 -0.05745731  0.03611466 -0.09035151  0.29227075 -0.27392277  0.19977964
  0.30245072 -0.44688386 -0.01217544 -0.04025484 -0.22286087  0.4905872
  0.09630262 -0.16835299 -0.14911792 -0.11677639 -0.07695869 -0.27119797
 -0.10603684 -0.66452765 -0.23819245 -0.0788422   0.07441732 -0.10891161
  0.11115936 -0.304956    0.24304712 -0.46516827 -0.2686826  -0.44973874
  0.51632154  0.5130507  -0.49890274  0.2861195   0.15442121 -0.46310836
 -0.32345307  0.5670518 ]"
cs.CC;cs;Computational Complexity;http://www.wikidata.org/entity/Q5157286;http://dbpedia.org/resource/Computational_complexity_theory;;2.0;"[-3.16065520e-01 -2.37465009e-01 -1.00504033e-01 -9.38605284e-04
  3.86065245e-01 -2.86239833e-01  3.70077997e-01 -4.87106860e-01
  7.30935752e-01  1.92018807e-01 -5.13283312e-01  2.59608671e-04
  1.23651421e+00  4.96541500e-01 -3.05911034e-01 -5.76571040e-02
  8.35412860e-01 -8.72409344e-02 -5.43686628e-01 -1.35584623e-01
 -9.78418291e-01  8.55521187e-02  6.54297113e-01 -7.61118531e-01
  1.71887055e-01  4.12193313e-02 -2.39287287e-01 -3.56064290e-01
  1.00460863e+00 -7.71397591e-01  1.04553151e+00  3.19232792e-01
  5.13241649e-01  7.67282248e-01 -4.41658914e-01  8.16202819e-01
  2.17525199e-01 -4.04486716e-01  2.81219035e-01  5.33243954e-01
  5.02430022e-01  3.53819400e-01  9.53118920e-01 -3.68238658e-01
 -5.79286158e-01 -1.30013198e-01  6.64182976e-02 -5.39450049e-01
 -1.20534144e-01 -2.72688836e-01 -3.34081590e-01  3.62401932e-01
 -1.13549136e-01 -2.24719778e-01  3.31206709e-01  2.05843180e-01
  7.13361204e-01  5.04026592e-01  2.09234223e-01  1.68541536e-01
  3.00656021e-01 -6.67880893e-01 -7.48410821e-01  7.47097909e-01
 -1.13231204e-01 -4.32613194e-01 -5.56289077e-01 -2.67981529e-01
 -2.18567148e-01 -2.45313391e-01 -9.67874110e-01 -4.47968781e-01
  2.48381943e-01 -1.64300233e-01  6.14102364e-01  4.28730249e-01
 -1.69716984e-01  1.06044030e+00 -4.13979977e-01 -7.28621721e-01
 -1.90055426e-02 -5.00218809e-01  5.39077699e-01  7.24558830e-01
 -8.63838494e-02  6.58003688e-01  3.72203082e-01  6.07337654e-02
  4.58703727e-01  2.50507474e-01 -3.97017181e-01  8.96536708e-01
  7.40720518e-03 -4.22473431e-01 -7.51468420e-01 -4.28711325e-01
 -8.04533064e-01  5.57059526e-01  3.36392999e-01 -9.21794891e-01
  1.78246900e-01  1.84643656e-01  3.42556648e-02  3.54797333e-01
 -4.80425537e-01  1.24948479e-01  5.94827570e-02  2.22108707e-01
 -9.00738358e-01 -7.75992051e-02 -3.11657727e-01  9.67684090e-02
 -5.68679580e-03  5.02514124e-01  1.49633884e-02 -4.49917108e-01
  6.64739609e-02  2.63006896e-01  6.63261354e-01 -5.23451149e-01
 -1.99347824e-01  3.23247373e-01 -1.39606193e-01  5.23116708e-01
  3.52467895e-01 -7.31416920e-04 -1.27642584e+00  7.26517022e-01
  3.59843701e-01 -3.01529050e-01  6.96154535e-01 -9.91632819e-01
 -5.71439385e-01  8.63653660e-01  2.22441584e-01 -4.01456594e-01
  2.98730403e-01 -4.42298084e-01 -7.84026831e-03  1.64652988e-01
  2.37502664e-01  6.32516563e-01  5.75132817e-02 -4.66645151e-01
  8.51754844e-01 -1.16710865e+00 -3.44557315e-01  2.79795378e-01
  2.34483451e-01 -4.82725978e-01  6.37628853e-01  8.32334220e-01
 -3.77523974e-02 -8.12725186e-01  4.67171371e-01  4.36668873e-01
 -1.71146810e-01 -9.06683624e-01 -5.86605608e-01 -1.09408282e-01
  4.85709041e-01  6.61620915e-01 -1.40682757e+00 -6.17334783e-01
 -3.69383097e-01  1.26585916e-01 -2.68602312e-01 -6.45423710e-01
 -1.66922405e-01 -7.88997352e-01  2.28830829e-01  1.11169890e-01
 -7.18384013e-02 -3.66343230e-01 -2.05124259e-01  2.59316802e-01
 -3.69703859e-01  1.06472030e-01 -2.51688212e-01  5.17181873e-01
 -8.09907615e-01 -3.10787141e-01 -4.47524816e-01 -3.82533401e-01
 -2.27846518e-01 -5.02686083e-01 -7.31511593e-01 -2.59229422e-01
 -1.00967363e-01  3.40513706e-01 -5.76197863e-01 -3.40554088e-01
  1.44925654e-01 -2.17013389e-01  8.84167850e-01 -2.70258589e-03
  1.54499531e-01 -2.75382131e-01 -1.31094247e-01  1.92347959e-01]"
cs.CE;cs;Computational Engineering, Finance, and Science;;;;;
cs.CG;cs;Computational Geometry;http://www.wikidata.org/entity/Q874709;http://dbpedia.org/resource/Computational_geometry;;3.0;"[-0.3632318  -0.20642246 -0.27919853  0.27626705  0.21072629 -0.4478915
  0.9453984   0.11938509  0.3206302   0.2334589   0.16365251  0.16924599
  0.17945664 -0.0627792  -0.17440902 -0.10497356 -0.10678107 -0.6824257
 -0.58874625  0.48638573 -0.24652669  0.07546832 -0.2927136  -0.8623412
  0.3521416  -0.8287941  -0.29346538 -0.0759006   0.0882553  -0.0510881
 -0.01679359 -0.0121988   0.07926518  0.44177112 -0.5676723  -0.03578537
  0.56990016  0.6706153   0.784576    0.21119036 -0.3253884   0.695554
  0.25718936 -0.51398456 -0.01647566  0.2831059   0.05266983 -0.24872644
  0.5708813  -0.4130996   0.0624247   0.5234737  -0.10573457  0.5255342
 -0.30056283  0.59761304 -0.56813836 -0.44240698  0.41139966 -0.21051909
  0.14309525  0.7309372   0.2707801   0.3145232   0.16838205 -0.26669002
 -0.28344825  0.27849498 -0.17894351  0.3430424  -0.14255273 -0.01398802
 -0.0797311   0.13391204  0.86172605  0.25577018 -0.14109702  0.27340552
 -0.29928055 -0.41701788  1.1724974   0.3296828   0.5459528   0.19513673
 -0.08415854 -0.59194237 -0.31842223  0.40364796  0.96706283 -0.1741457
 -0.70675534 -0.11413049  0.4460736   0.6761484  -0.25239223 -0.1698829
 -0.7593163  -0.6236791   0.22336471 -0.300614   -0.23208535 -0.04534612
  0.5673326   1.3283875   0.8320166   0.17070983  0.1709732   0.02519473
 -0.4559312  -0.23777077 -0.6600549  -0.6549816  -0.01017041  0.05179229
  0.45510936  0.80695206 -0.24638063 -0.6538866   0.06956875 -0.79934484
  0.47589776  0.14770529 -0.989201    0.12870245  0.00908467 -0.3534316
 -0.25151134  0.12645848  0.39573947  1.1601442   0.29697147  0.408921
  0.16366526  0.8968653  -0.0931746  -0.65014935  0.46128044 -0.20661418
  0.28672978 -1.2568822   0.5498867   1.0880338  -0.48097137  0.00895612
  0.81025386 -0.17737378 -0.10880835 -0.02995215  0.35520247 -0.32198185
 -0.13897409  0.56479913  0.12037233 -0.11345587 -0.30838552  0.4877547
  0.9628036  -0.12897246 -0.09459194  0.5181953   0.1479925   0.6696865
 -0.4609466  -0.36666244 -0.08656814 -0.10572249  0.3185826  -0.51327205
  0.15462142 -0.99542916 -0.02990665 -0.57027614  0.5154384  -0.20327452
 -0.48883474 -0.08850107 -0.513219   -0.10921928 -0.11897641  0.24604373
 -1.311146   -0.07051037  0.43322438  0.69581854 -0.03889485 -0.3461139
 -0.4424822  -0.17404136  0.60447603 -0.374287   -0.36576104 -0.5960604
 -0.11878295 -0.57317805 -0.4015324   0.23717575 -0.00298116 -0.11446809
 -0.07177003  1.424624  ]"
cs.CL;cs;Computation and Language;http://www.wikidata.org/wiki/Q30642;http://dbpedia.org/resource/Natural_language_processing;https://cso.kmi.open.ac.uk/topics/natural_language_processing;4.0;"[-5.31879783e-01 -3.97135943e-01  4.60532270e-02  8.84510219e-01
  9.59897995e-01  3.52677345e-01  5.09510756e-01  6.90218657e-02
 -4.08829629e-01  2.67785490e-01 -4.51456070e-01  2.90447980e-01
  3.27613473e-01  1.13259323e-01  1.19277462e-01 -6.16320729e-01
  4.21180159e-01 -4.12011594e-01 -1.28768122e+00 -3.74494165e-01
 -6.40565038e-01 -6.81309104e-01  3.91748875e-01  1.84177831e-01
  6.15157843e-01  3.11976463e-01 -2.06491008e-01 -9.31282878e-01
  1.03522694e+00  2.89405704e-01  2.76385218e-01 -1.32501379e-01
  6.63976967e-01  3.13627422e-01 -6.18406117e-01  3.90715748e-01
  8.42989907e-02 -3.12081009e-01  3.76983434e-01  5.86938500e-01
  5.44647396e-01  1.24745267e-02  1.61873960e+00 -4.76498276e-01
 -6.13341451e-01  5.99881053e-01  1.09700784e-02  4.00606915e-02
  5.50388098e-01  2.08645552e-01 -5.12083709e-01  2.90416349e-02
 -7.22190440e-01  1.50446653e-01  2.87839144e-01  1.11975454e-01
  3.28198761e-01 -3.93568635e-01  1.13046966e-01  2.63735414e-01
  6.21659100e-01  1.29862964e-01 -1.84574872e-01  2.86613464e-01
 -3.66203129e-01 -5.48711658e-01  6.59999251e-02  7.35385597e-01
  2.51185477e-01  5.61070621e-01 -5.03592253e-01  9.07340273e-02
  2.54142582e-01 -8.46424639e-01 -1.38150990e-01  1.69691429e-01
  5.87507896e-03  1.22221851e+00 -1.29142046e-01 -1.10255992e+00
 -1.70717999e-01 -5.37650824e-01  7.89476216e-01  2.71647066e-01
 -2.58933306e-01  8.77551287e-02  6.10596955e-01  1.37443364e+00
  5.63477218e-01  3.54036152e-01 -6.40241802e-01  8.75682652e-01
 -8.45722407e-02 -2.81660199e-01 -5.83635986e-01 -3.17973316e-01
 -2.93588847e-01  5.83427139e-02 -6.07214868e-01 -1.04561698e+00
 -6.51306570e-01 -1.81393236e-01 -3.33086818e-01  2.17048123e-01
 -2.97803670e-01  2.44519845e-01  4.29694027e-01 -1.45703584e-01
 -7.84037411e-01 -1.67008087e-01 -2.10941643e-01 -2.21166477e-01
  1.55528232e-01 -1.46073312e-01 -2.91173160e-02 -7.89776683e-01
  1.68172732e-01 -7.42146894e-02 -8.16027150e-02  5.83638921e-02
  7.31163621e-02  5.71183681e-01 -5.32271981e-01  2.58733392e-01
  7.62575865e-01 -4.18688923e-01 -1.09433866e+00 -2.26836801e-01
 -4.57064509e-01 -4.23664659e-01  1.01729155e+00 -6.94519460e-01
 -6.45128727e-01  1.17867744e+00 -2.62541085e-01 -9.71673071e-01
  1.03567469e+00 -2.06903107e-02  1.29878591e-03 -3.46393794e-01
  3.33636791e-01 -1.38398871e-01 -5.04858196e-01 -4.75261718e-01
  5.74624002e-01 -9.64122653e-01 -3.39513868e-01  4.40016598e-01
 -7.04443634e-01  2.29441985e-01  7.45259106e-01  3.82993847e-01
  1.58013180e-01 -1.02135873e+00 -3.30990046e-01 -3.12596887e-01
 -9.09926414e-01 -9.76531863e-01 -2.64734447e-01  7.85382688e-01
  5.15288293e-01  1.14444315e+00 -1.38274455e+00 -5.66455007e-01
  2.36625582e-01 -1.00477435e-01  1.01578698e-01 -1.23673141e-01
  4.82541770e-01 -1.15074527e+00  2.92982042e-01 -3.09985042e-01
  1.28738686e-01  1.19101606e-01 -4.80977148e-01  1.64542302e-01
  6.87299192e-01  3.48528534e-01 -2.34781951e-01  5.62928021e-02
 -1.42360151e-01  8.98063704e-02  2.28399262e-01  2.98987757e-02
  5.52187741e-01  1.67836770e-01 -7.37860322e-01 -1.00807428e+00
  3.87290627e-01 -1.00225568e-01 -5.49709916e-01 -2.98894882e-01
  4.74652380e-01  1.22273016e+00 -1.52700797e-01 -5.95532775e-01
 -7.30370507e-02 -5.53853571e-01 -1.30965058e-02  1.79964289e-01]"
cs.CR;cs;Cryptography and Security;https://www.wikidata.org/wiki/Q365674;http://dbpedia.org/resource/Security_engineering;https://cso.kmi.open.ac.uk/topics/security_engineering;5.0;"[-0.5010944  -0.00764281 -0.67697597  0.02553539  0.17631172 -0.35423392
  0.03965341 -0.25441885 -0.07661109  0.3548468   0.19589974 -0.34301576
  0.24547327  0.09359933 -0.19579378  0.5864486   0.26430002 -0.4083643
 -0.09747349  0.15420146  0.00297818 -0.47464108 -0.41063625 -0.5296702
  0.84472185  0.23184194 -0.3610163   0.17766091  0.2865856  -0.02848421
  0.12723717  0.46788052 -0.13675505  0.53797597 -0.25410333  0.18869595
 -0.3062656   0.07164331  0.25511152  0.03753049  0.217159   -0.23989958
 -0.1712436  -0.3462049   0.2928707   0.22428176 -0.08829969 -0.2458363
  0.24358158  0.09133042  0.16662279  0.31030467  0.08257557  0.22457258
  0.04600128  0.39340106 -0.13163008 -0.17716256  0.18073586  0.43354422
 -0.28165564 -0.06194535  0.13041985 -0.07841823  0.10779557 -0.00988681
 -0.5813652   0.00210673 -0.26374388  0.14928465  0.8193448   0.5984239
  0.00819205 -0.08341588 -0.70194334 -0.29985312 -0.23050103  1.0795667
 -0.19781063 -0.24099596 -0.51029605  0.16815713  0.27540806  0.1742169
 -0.09636424 -0.7757938  -0.6978286   0.31315008 -0.23901424 -0.1712134
 -1.4071696   0.21589747  0.34650353 -0.02590699 -0.4130446   0.11532257
 -0.35292196 -0.39587307 -0.2798307  -0.35968632 -0.3396358   0.08190997
  0.48271734  1.1871701   0.41343457  0.46099725  0.4065237   0.79813164
 -0.9297074   0.13951737 -0.4631621  -0.06099042  0.07730497 -0.3973066
 -0.14041077  0.11577667 -0.19425467 -0.1757251  -0.08790562 -0.82544535
  0.74862385  0.11720489 -0.3882557   0.3801284  -0.21926342 -0.12612359
 -0.76390254  0.2552471   0.44305447 -0.01139942 -0.19155587  0.15594448
 -0.10723687  0.4545293  -0.49262863 -0.48709583  0.58864045 -0.03393856
  0.03350894 -0.16157712  0.7005964   0.93992364 -1.1744056  -0.3470947
  0.02511104 -0.03580849 -0.09932017 -0.29455003 -0.02884052  0.09369349
 -0.38509235  0.09915018 -0.65309125 -0.45675272 -0.4191095   0.7723197
 -0.02383384  0.47083327  0.09410059  0.24698023  0.35238633  0.2678704
 -0.618395   -0.10884589  0.37253848  0.05583788  0.17570972  0.03241626
  0.2608083  -0.44309464  0.3792707  -0.16044466  0.4127873  -0.3227446
  0.55460006 -0.11468616  0.33063298  0.889837   -0.08263627  0.5519048
 -0.36405665  0.43745434  0.09482251 -0.35572606  0.1609613  -0.24468406
 -0.55887175 -0.42516062  0.40690288 -0.4224811  -0.14037357 -0.0237545
 -0.4587336   0.07695042 -0.43970487 -0.06099459  0.1989603   0.26452696
 -0.08794085  0.6335498 ]"
cs.CV;cs;Computer Vision and Pattern Recognition;http://www.wikidata.org/entity/Q844240;http://dbpedia.org/resource/Computer_vision;https://cso.kmi.open.ac.uk/topics/computer_vision;6.0;"[-6.36315465e-01  4.84498024e-01 -2.50563115e-01  3.63931388e-01
  5.41656792e-01 -4.60658520e-01  5.05243301e-01 -2.82195747e-01
  4.21525389e-01  1.53933644e-01 -1.04236104e-01 -4.30143736e-02
  7.84162700e-01  3.83201182e-01 -6.92760766e-01 -8.43791783e-01
  7.01597631e-02 -1.19120157e+00 -3.72179806e-01 -1.67837366e-02
 -1.28780276e-01  2.62946963e-01 -1.92866892e-01 -4.57883775e-01
  1.04639196e+00 -1.00757039e+00 -2.89500892e-01 -1.12618923e-01
  1.49001253e+00 -1.71347857e-01  1.75169006e-01  3.06640804e-01
  1.89245284e-01  7.01205432e-01  1.10936284e-01  1.12442482e+00
  1.64380923e-01  1.87827796e-01  1.13996661e+00  5.57485104e-01
 -4.65751857e-01 -1.72731802e-01  5.90157807e-01  1.31485641e-01
 -2.51371503e-01  3.83716613e-01 -4.88142483e-02  1.11534767e-01
  1.51078439e+00  1.67641550e-01  4.97098804e-01  3.28023136e-01
 -4.77140963e-01 -3.62093091e-01  1.00645208e+00  2.32075334e-01
  5.65456688e-01 -1.26587778e-01  1.21392332e-01  4.90500569e-01
 -6.86089516e-01  4.54950929e-01 -1.45496413e-01  6.38562560e-01
 -8.41201376e-03  2.57665902e-01 -4.05779094e-01  2.09618375e-01
  3.11517328e-01  2.09709376e-01  1.46669999e-01  2.52694520e-03
  6.78144455e-01 -3.01548004e-01 -5.36379218e-01  1.03896677e-01
 -6.54509604e-01  7.03712821e-01 -3.29729505e-02 -2.25794375e-01
 -8.95833895e-02 -5.66858828e-01 -1.06423378e-01  1.53054869e+00
  3.07178229e-01  7.78323174e-01 -3.30515921e-01  3.70884508e-01
 -1.45760030e-01 -4.90169711e-02 -6.48408592e-01  9.24955383e-02
 -2.37565115e-01 -2.00088337e-01 -5.86496294e-01  1.71033144e-01
 -1.91561490e-01 -6.59670867e-03 -2.06563279e-01 -1.03354782e-01
 -4.40476418e-01  5.35852969e-01  2.19708562e-01  4.62039798e-01
 -3.15794259e-01  3.48265171e-01  4.15866733e-01  7.18676805e-01
 -9.85957742e-01 -1.00604975e+00  2.55492061e-01 -4.22503918e-01
  1.10395588e-01  4.79476869e-01 -3.10732350e-02  5.80641210e-01
  3.16298008e-01 -4.96677011e-02 -2.13811144e-01 -1.02258551e+00
  1.21027954e-01  4.97710884e-01 -1.09156728e-01 -2.16090798e-01
  1.16725171e+00  3.47738326e-01 -1.33196652e+00 -1.50523912e-02
  4.45412397e-01 -1.01518445e-01  4.36022818e-01 -3.26867640e-01
 -6.17985606e-01  1.76656449e+00 -6.81049079e-02 -2.31604815e-01
 -9.78243649e-02  3.55613023e-01  4.44283813e-01 -5.12226522e-01
  7.54425526e-01  9.24253929e-03 -9.50711250e-01 -2.17395142e-01
  7.06954241e-01 -1.86383590e-01 -7.77618706e-01 -1.21590279e-01
 -2.73698904e-02  3.18949252e-01  5.90362966e-01  2.63997674e-01
  5.85936867e-02 -3.37639421e-01  7.05101341e-02  6.46060348e-01
  3.00374478e-01 -4.63547260e-01 -7.25503266e-01 -9.85212773e-02
  6.93088353e-01 -1.72207654e-01 -7.49896049e-01 -2.45325938e-01
 -9.67106447e-02 -1.00802517e+00 -1.04370527e-02 -2.70784676e-01
 -3.08410496e-01 -6.35525942e-01  6.56004131e-01 -5.40074468e-01
 -1.96489301e-02  3.10311079e-01  3.20355028e-01  2.57710308e-01
 -5.10150671e-01 -4.51673865e-02  1.42784029e-01  3.52165103e-01
 -8.87347102e-01  4.46180642e-01  3.06603134e-01  2.92518139e-01
 -8.21082830e-01 -1.07312918e+00 -2.86245108e-01 -4.16890136e-04
  2.64634043e-01 -2.52310038e-01  1.10744853e-02 -4.75431383e-01
 -6.43032789e-01 -3.46112311e-01  3.02109987e-01  5.99824965e-01
 -3.14510077e-01 -9.40916002e-01  4.19199318e-01  5.68456411e-01]"
cs.CY;cs;Computers and Society;;;;;
cs.DB;cs;Databases;http://www.wikidata.org/wiki/Q8513;http://dbpedia.org/resource/Database;https://cso.kmi.open.ac.uk/topics/database;7.0;"[ 0.14100783 -0.79805964  0.9080841   0.7633327   0.50565356  0.06880121
  0.30739945 -0.343333    0.65346664 -0.08046539 -0.00482538 -0.61640644
 -0.12530525  0.27037627 -0.1686528  -0.5537001   0.0348335  -0.76986694
 -0.4026495   0.46316814 -0.2421418  -0.81210417  0.3014856  -0.2673106
  0.69559234 -1.1922524   1.0070806  -1.0352037  -0.253031    0.36348227
  0.58559835  1.0222083  -0.31448367  1.261821   -0.03888781  1.290306
  0.09940687 -0.15766646  1.3075782   0.21976581 -0.06949902  0.39672983
  0.7254885   0.10528822 -0.32950228  0.01658991  0.5803031   0.07384527
  0.7389886   0.7139482  -0.1711936   0.7141379   0.6863774  -0.14950366
  0.6367588   0.04401281  0.37238356  0.11912341  0.59594166  0.2806899
 -0.39516562  0.06284413 -0.24260557  0.74719626 -0.106587   -0.94304544
 -0.16858207  0.6834565   0.78554136  0.1688315   0.15771686  0.64424133
 -0.9823093   1.0084475   0.11653194  0.28834236  0.0279582   1.2110204
 -0.13612686 -0.4025734   0.5273837   0.16583942  0.09360691  0.05218425
  0.40544003 -0.1746926  -0.7971395   0.6983737   0.5222053   0.24732016
 -0.10364557  0.23224042 -0.28349718  0.2198353  -0.41205648  0.69870555
 -0.6649908   0.5424578  -0.7964564  -0.5147844   0.884019    0.3914526
  0.11547887  0.5228103   0.48649886 -0.3518912   0.3985322   0.6891308
 -1.3865155  -0.5777795   0.07269495 -0.37237853  0.01285593 -0.03520352
  0.17514071 -0.21968302  0.17566144  1.0523626   0.29240826 -0.08646271
  0.49956092 -0.572205    0.11292488  0.43569818  0.11113431 -0.24739309
 -1.2436578   0.20216864  0.39838123  0.25048357 -0.20958047 -0.4208893
 -0.25218076  1.4925579  -0.53147703 -0.0915914   0.18173333 -0.94685024
  0.12309325  0.7340543   0.9002357   0.32174546 -0.46426478 -0.1370621
  0.7316132   0.19738021 -0.44617218  0.6725584  -0.01757086  0.7414599
 -0.09711362  0.34775025  0.1857699  -1.0383334  -0.07447065  0.44897965
  0.26362735 -0.99753994 -1.0374379   0.27656096  0.7323385  -0.14211217
 -1.0178478   0.1375969  -0.19968154  0.13505076  0.05191027  0.66736484
  0.87505794 -1.2573377   0.54016817 -0.5045827  -0.43363002  0.08673293
 -0.08999927 -0.00806586  0.5331303   1.0497713   0.11513181  0.21549109
 -0.53320485 -0.4924817   0.02947379  0.5339565  -0.034281   -0.5085311
  0.09012491 -0.41315088  0.04162167 -0.58385015 -0.23882584 -0.18355457
  0.49428874 -0.26888838  0.20880832 -0.5214025   0.09701953 -1.2557588
  0.11945709 -0.1644551 ]"
cs.DC;cs;Distributed, Parallel, and Cluster Computing;http://www.wikidata.org/entity/Q180634;http://dbpedia.org/resource/Distributed_computing;https://cso.kmi.open.ac.uk/topics/distributed_systems;8.0;"[-8.13667834e-01 -1.20396361e-01  9.75362584e-02  6.65487289e-01
  6.49272263e-01  5.37176132e-01  9.86307263e-01  1.46578820e-02
  1.88893020e-01  7.50067592e-01  7.71042585e-01  1.89359784e-01
  6.33993745e-01 -6.92101538e-01 -1.41907573e-01 -3.52131009e-01
  4.97770518e-01 -5.85978091e-01 -1.05361927e+00  1.58849478e-01
 -2.31188893e-01 -3.93975317e-01 -1.80062428e-01  1.57055154e-01
 -4.00307357e-01 -7.64743015e-02 -2.34488145e-01 -2.55168974e-01
  1.03801227e+00  6.08123004e-01  4.75675941e-01 -7.76147768e-02
  1.91504493e-01  2.17172399e-01 -4.12248969e-01  5.32405913e-01
  6.88709736e-01 -1.81842253e-01  1.76442266e+00 -2.86418676e-01
  9.02520120e-02  1.25441477e-02  6.57530189e-01 -8.73569429e-01
 -4.60962087e-01 -1.51405588e-01  6.99678838e-01  5.09294510e-01
  1.54083657e+00 -2.50080407e-01  2.51684319e-02  6.21763110e-01
  1.86038435e-01 -4.28246744e-02  4.75675076e-01  7.74557829e-01
  5.07201910e-01  6.37569904e-01 -2.02226520e-01  9.13341641e-01
 -5.34799874e-01  4.12868857e-01 -1.08192153e-01  7.69690454e-01
  1.94764823e-01 -3.37184459e-01 -6.22125685e-01  1.84389995e-04
 -9.15572140e-03 -2.81800836e-01  5.85005656e-02 -1.96109369e-01
  4.83999886e-02  8.27226117e-02  4.22678649e-01 -2.32262433e-01
  6.26951396e-01  8.01301062e-01 -3.69271129e-01 -2.75550455e-01
  7.03371882e-01 -5.77929080e-01  3.49648297e-01  7.25289583e-01
 -8.06180239e-01 -4.17503417e-01  1.80368751e-01  1.57753661e-01
 -5.49387448e-02  6.17510319e-01 -4.35659796e-01  2.64216512e-01
 -1.56460375e-01 -7.01248109e-01 -1.21218228e+00 -1.21283627e+00
 -6.92379594e-01 -3.69787931e-01 -7.71297291e-02 -4.69626963e-01
 -3.41645688e-01  2.79181451e-01 -3.84554833e-01  5.11043072e-01
  2.07102150e-01  3.60205695e-02  7.52870739e-01  4.59600627e-01
 -7.47940958e-01 -2.69759625e-01  4.34115738e-01 -3.12743150e-02
 -3.04191679e-01  5.85918427e-01  2.06514388e-01  9.57681715e-01
  3.63725983e-03  4.17721093e-01 -1.48930266e-01 -1.11388475e-01
 -2.83411384e-01 -7.84345329e-01 -2.65931815e-01  3.43087167e-01
  1.44300067e+00  3.10478926e-01 -9.07515287e-01  8.54272604e-01
  7.44467378e-01  6.80273116e-01  1.51379183e-01 -4.26369399e-01
 -6.16344929e-01  1.33807886e+00  2.31315702e-01 -5.95335439e-02
 -1.68729629e-02  4.85491872e-01  7.65476406e-01  3.97999495e-01
  1.04488051e+00  7.63507545e-01 -6.61347449e-01 -1.96362928e-01
  4.80681509e-01 -9.78511930e-01 -6.13050759e-01  3.95216197e-01
 -1.52325913e-01 -4.16864038e-01  9.89288211e-01  4.80434567e-01
 -5.40780187e-01 -3.03397715e-01  3.62400897e-02  2.14947924e-01
  7.98912421e-02 -8.19773436e-01 -1.10655451e+00  3.92602772e-01
  1.48695087e+00  4.92528617e-01 -1.66190803e+00 -3.91550690e-01
 -5.13849676e-01  1.02120772e-01  3.19474816e-01  3.07886243e-01
  1.45099506e-01 -7.70464361e-01  1.30530462e-01 -4.15669501e-01
 -2.56360859e-01  1.12861907e+00  4.33673188e-02 -5.23521364e-01
  1.06295913e-01  1.49987862e-01 -1.16693413e+00  3.00635219e-01
  5.60744777e-02 -4.93853062e-01 -2.11204961e-01  7.63064563e-01
 -2.31164396e-01 -1.03889823e+00  8.18448234e-03  4.73201126e-02
 -9.20038074e-02 -1.56171083e-01  1.20611534e-01 -4.07372266e-01
 -4.80665639e-02 -3.80691826e-01 -3.90081376e-01  1.36107743e-01
  3.04149138e-03 -1.10715365e+00 -9.07474101e-01  1.54524401e-01]"
cs.DL;cs;Digital Libraries;http://www.wikidata.org/wiki/Q212805;http://dbpedia.org/resource/Digital_library;https://cso.kmi.open.ac.uk/topics/digital_libraries;9.0;"[-0.10795617  0.73037297  0.00908327 -0.38978326  0.73290104 -0.1865202
 -0.02497748 -0.16196369  0.8652036   0.15036018  0.13674134 -0.5631149
 -0.88848513  0.47578338 -0.60508204 -0.42555487  0.56031656 -0.51025116
 -0.88204414  0.36424452  0.312906   -0.61319584  0.36866027 -0.40499058
  0.6900233  -0.70756     0.02541235 -0.17150882 -0.03048927  0.18736067
 -0.27458885 -0.32190177  0.46621853  0.18569851  0.10439157  0.8943094
  1.1184381   0.35421604  0.9794482  -0.18529215  0.6212162   0.11522634
  0.29363462 -1.0717281  -0.5322118   0.8243492  -0.05174216  0.27536952
  0.20828263 -0.13897192  0.05249982 -0.05878236 -0.4733949   0.29424775
  0.21533117  0.15244968 -0.27670833  0.19345546  0.34836745  0.06121477
 -0.5941695   0.12214455 -0.5676495   0.41249505 -0.06819374 -0.22781526
 -0.15921983  0.5870457   0.06352177 -0.33334762 -0.12038609  0.56902665
  0.1368037  -0.38846698  0.16671914  0.07965482  0.70182323  0.85057175
 -0.2700549  -1.1845301  -0.0732042  -0.29077402  0.34218556 -0.36124822
 -0.53693366 -0.45297524 -1.5540695   0.9443594  -0.34605262  0.57455593
 -0.2505652   0.95056736 -0.4336945   0.10525119 -0.09319358  0.14403172
 -1.00086    -0.46214485 -0.32649073 -0.2370734   0.0740955   0.29223192
  0.98306423  1.2433547   0.62256503  0.7744882   0.34669417  0.52754706
 -1.1148456  -0.41451767  0.5665557  -0.22922376  0.6767988   0.14833307
 -0.3749712   0.7027656   0.30342135  0.08675987 -0.3536849  -0.8723089
  0.12858252  0.4360224   0.36675462 -0.7520626   0.24586043  0.33419862
 -0.504902    0.60586745  0.37447563 -0.807876   -0.27115107  0.3416747
 -0.00480204  0.59818244 -0.44099575 -0.09141646 -0.32666206 -0.7038475
  0.38431832 -0.45688593  0.19128893  0.5546057  -1.0152336  -0.23457794
  0.31605667  0.30610657 -0.8669862  -0.41344005 -0.443225   -0.4007287
  0.73719305  0.863137   -0.5438908  -0.42317164  0.39503616  0.7825794
  0.31242177  0.09636357 -0.7991748  -0.07456199  0.14571477  0.490996
 -0.07998364 -0.23813562  0.18005821  0.49363446 -0.43883377  0.0383776
  0.38084325 -0.02489448  0.29173535 -0.46901122 -0.13013598 -0.64614034
 -0.07176318  0.13418895 -0.09687412  0.3365602   0.21544541  0.7236621
 -0.5540135   0.7610408   0.5915926  -0.38355413 -0.07346503 -1.0433756
 -0.99175173  0.6657688   0.38206136 -0.28712323  0.35216397 -0.16605155
 -0.18267317  0.2117175  -0.41035306 -0.9125535   0.59066594 -0.18441965
 -0.41193163  0.34063393]"
cs.DM;cs;Discrete Mathematics;http://www.wikidata.org/entity/Q121416;http://dbpedia.org/resource/Discrete_mathematics;;10.0;"[-6.8135655e-01  1.2719636e-01  2.8600207e-02 -6.1304223e-02
  1.0591719e-01 -5.6088018e-01  3.9713532e-01 -2.3565367e-01
  5.1893550e-01  8.7122524e-01  4.5349824e-01 -9.5820129e-01
  5.8441319e-02 -5.2689224e-01 -1.0975599e+00  1.1427691e-01
  8.6601084e-01 -4.8095798e-01 -1.6348828e-02  1.3668193e-01
 -7.6860434e-01 -1.0550016e+00 -8.9318383e-01 -4.3443999e-01
  1.4660841e+00 -3.2353160e-01 -4.8509747e-02 -5.2817643e-01
  4.7573921e-01  3.6744231e-01  6.4682746e-01 -3.0733827e-01
  5.5989344e-02  9.0643626e-01  9.4783336e-01  4.9231365e-01
  2.0099492e-01  2.6037309e-01  1.3306239e+00  6.3534811e-02
  2.7483639e-01 -1.2680091e-01  5.0548553e-01 -9.8036522e-01
 -2.4195696e-01 -2.7659974e-01  1.8458232e-02  9.9664554e-02
  9.4602078e-01 -5.7700306e-01  3.4203076e-01  2.3218818e-02
 -5.8177346e-01  3.7879956e-01 -4.6291700e-01  4.2366052e-01
  1.3173325e-01 -1.9867319e-01  6.2362558e-01  1.5375029e-01
 -2.4489775e-01  7.4770802e-01 -1.0871558e-03 -3.4810627e-01
  6.2632430e-01  1.7351431e-01 -6.1311150e-01  3.4962764e-01
 -2.7238292e-01  8.7414181e-01  8.3030206e-01 -5.6366003e-01
 -4.2276737e-01 -1.2182222e-01  1.5918531e-02  5.3003401e-01
 -4.7805387e-01  8.4859037e-01 -9.7869349e-01 -6.1797953e-01
  6.9080716e-01 -6.6248262e-01 -2.1394944e-02  4.0355152e-01
 -3.1943494e-01 -5.4894197e-01  8.0888107e-02 -1.0615582e-01
  1.1150216e-01  2.7904937e-01 -1.0440365e+00  7.5347073e-02
 -2.1719521e-01  4.9784380e-01 -1.0290173e+00 -1.2129492e-01
 -1.3920741e+00 -4.0431671e-02  3.5747733e-02 -1.2885131e-01
  8.6051725e-02  2.4166268e-01 -5.9693050e-01  1.3879771e+00
  4.8790655e-01 -1.0487787e-01  3.3732262e-01 -2.1997389e-01
 -8.1911570e-01 -3.4195739e-01  3.3286822e-01 -3.5629408e-03
 -3.2704729e-01 -1.1302545e-01  7.2096698e-02  5.6783688e-01
  4.5537647e-02  1.1370655e+00  1.9545151e-01 -1.2351501e+00
  3.9914703e-01 -7.4991547e-02 -6.4756298e-01  3.7002933e-01
  2.7079785e-01 -1.1053018e-01  1.0055542e-01  2.2021794e-01
  8.4435004e-01  2.4187280e-01  7.3392469e-01 -9.5476645e-01
 -5.3041101e-01  8.0071354e-01  1.8998407e-01  2.8305048e-01
  5.4892832e-01 -7.3993099e-01 -4.4648173e-01 -1.4636274e-01
 -5.5252846e-02  7.2082436e-01  1.0625404e-01  3.8017038e-01
  7.7828771e-01  6.2271059e-02 -3.6319876e-01 -9.4173187e-01
 -1.8709289e-01  4.1716495e-01  2.0173134e-01  1.9388221e-01
 -3.0279860e-01 -1.2672341e+00 -3.8085207e-01 -1.2826811e-01
  7.6061399e-03  4.8589166e-02 -6.9871283e-01 -1.5803130e-01
 -6.0808414e-01  3.5061717e-01 -9.5482862e-01  4.5337683e-01
 -5.0108206e-01  1.3204300e-01  1.2292477e-01 -2.8495079e-01
  6.0751189e-02 -3.6286390e-01  7.4395740e-01  1.9233344e-01
 -1.1471883e-01  2.8772175e-01  1.2349893e-01 -3.2282394e-01
  1.4734255e-01  9.0279646e-02 -9.6564621e-01  2.8895670e-01
 -1.4511487e-01 -7.6193023e-01  8.4169632e-01 -3.2047325e-01
  2.4947691e-01 -2.9420027e-01 -5.9435844e-01  8.8646837e-02
  2.9934898e-01  1.0467010e-01 -3.4134036e-01 -5.2749300e-01
  6.7192829e-01 -1.7935054e-01 -6.6756517e-02 -5.5409259e-01
  8.2843661e-02 -4.8690975e-01  3.9232421e-01  6.4575326e-01]"
cs.DS;cs;Data Structures and Algorithms;;;;;
cs.ET;cs;Emerging Technologies;;;;;
cs.FL;cs;Formal Languages and Automata Theory;http://www.wikidata.org/entity/Q192161;http://dbpedia.org/resource/Formal_language;https://cso.kmi.open.ac.uk/topics/formal_languages_and_automata_theory;11.0;"[-0.77232283  0.04094559  0.3994328  -0.18900555  0.5170628  -0.9794012
  0.01589263 -0.2163237  -0.36142486  0.37146017 -0.15486348  0.4788836
  0.26533678  0.28068045 -0.11205009 -0.7462316   0.07692708 -0.7486532
 -0.66941327  0.12630343  0.29930183 -0.28347477 -0.28940415 -0.3101113
  1.3692243   0.10672923 -0.24347971 -0.9321988   1.2229506  -0.37088624
 -0.363994    0.29076818  0.8488249   1.3318894   0.05009592  0.90090775
  0.25500098  0.09094924  0.7043188   0.23304497  0.0742689  -0.9543783
  0.13836277 -0.5909249  -0.3614494   1.0156797   0.1612373   0.58174735
  0.7546784   0.40157273  0.46907902  0.8406917   0.31001014  0.68849707
  0.40304634 -0.14623058 -0.38509193 -0.31299773  0.17266345  0.17790034
 -0.53804564  0.4773796  -0.41596866  0.14623855  0.32002681  0.11066948
  0.13734928 -0.15312718  0.3694909  -0.44480854  0.4039146  -0.5245965
 -0.26144347  0.02008814  0.08964377  0.7744426   0.37410727  0.89654845
  1.0624248  -0.5298786   1.2572169  -0.04649819  0.83192915  1.186073
 -0.49381185  0.23071212 -0.79186773  0.6075179   0.33822826  0.15785089
 -1.3942938  -0.31381077  0.62875235 -0.12769437  0.274789   -0.24838564
 -0.32390007  0.03824507  0.17003812  0.05085982 -1.143627    0.34815368
  0.06134949  0.8340096  -0.3526834   0.4721293  -0.3143617   1.2160267
 -0.06883731  0.07808463  0.41611668  0.00936137 -0.42731228 -0.78120667
 -0.7124925   0.67623526 -0.08804706 -0.65021133  0.07856993 -0.48812616
 -0.8201758   0.43973163  0.0529395   0.37381944 -0.29113594 -0.02314231
 -0.913233   -0.1028011   0.6890097  -0.02603112  0.1646825  -0.8379188
 -0.84711874  0.94901663  0.4809686   0.04875747  0.26813582 -0.09727512
  0.440767   -0.15042455  0.19223881  0.36885038 -0.39414948 -0.90080225
  0.33785635 -0.12228932 -1.1713974   0.20623097 -0.27051595  0.3688998
  0.5520819   0.4947541  -0.10449656 -0.81225324  0.10732727 -0.17367794
  0.42802116  0.13505015  0.37884626 -0.07510895  0.5107411   0.06320135
 -0.94188607 -0.32035357 -0.8113043   0.00770865 -0.02160744 -0.3823647
  0.02591682 -0.5001735   0.51823807 -0.35253596  0.26503345  0.00905308
  0.26087564  0.3440207   0.4389773   0.61820304 -0.07723083  0.7500732
 -0.28046298  0.63369685 -0.18713047 -0.28862855 -0.7725099  -0.6290747
 -0.07905511 -0.27000928  0.27943096 -0.8145406  -1.0458617   0.06215593
  0.01930586  0.15427676 -0.20599756 -0.21803552  0.00371066 -0.6170879
  0.5054541   0.39095658]"
cs.GL;cs;General Literature;;;;;
cs.GR;cs;Graphics;http://www.wikidata.org/wiki/Q7600677;http://dbpedia.org/resource/Computer_graphics;https://cso.kmi.open.ac.uk/topics/interactive_computer_graphics;12.0;"[-0.47796094 -0.09274782  0.96613795  0.05929624  0.78279424 -0.40692458
 -0.15937427 -0.4569283  -0.30258206 -0.24545048 -0.5236435  -0.07723316
  0.45125937  0.48406163 -0.39434475 -0.570151    0.258192   -0.21551165
 -0.27403724 -0.33804533 -0.10659904 -0.75561345 -0.3235489   0.26751378
  0.37715542 -0.8601744  -0.32059842 -0.30413753  0.5638484   0.510351
  0.37789127 -0.26331404  0.09449621 -0.5151687  -0.45831484  0.8060943
  0.22918172  0.04769581  0.5496838   0.7562273  -0.22958244 -0.16938339
  0.6459597  -0.09302042 -0.3628079   0.17083193  0.2881138  -0.42327693
  0.11962157 -0.67064863 -0.05511183 -0.7076056  -0.06061764  0.02543363
  0.84998196  0.53884983  0.5377354   0.32199845  0.28899026 -0.02620084
  0.07324972 -0.50079924 -0.07606313  0.56302     0.09222877 -0.48015815
 -0.29556063  0.00996692  0.29966518  0.7560031  -0.05471674  0.31798217
  0.28458452 -0.12335561 -0.33733535 -0.22294712 -0.49500257  0.38286528
 -0.33219776 -0.5171675   0.24988641 -0.17570233  0.02269243  0.80498534
  0.06650707  0.7549657   0.52154857  0.07110445  0.17640571  0.10617235
 -0.28911853  0.33477402 -0.20697697 -0.1431134  -0.3843616   0.24044555
 -0.8597049   0.5934072  -0.26143453 -0.36549273 -0.38298514  0.2319858
  0.40876684  0.51394343  0.2668182   0.8213495   0.3241935   0.00739257
 -0.66839653 -0.11034112  0.42402756 -1.2462155  -0.19061811  0.38801217
  0.09551056 -0.3633706   0.5680461   0.00466118 -0.00813876 -0.12757798
  0.29033676  0.42332655 -0.23397405  0.44854724  0.78304595  0.07687701
 -0.80337536 -0.01356793  0.9044653  -0.16897775  0.25696272 -0.4478003
 -0.7084925   0.34545648 -0.49663806  0.10778531  0.36521605 -1.0043834
  0.31879276 -0.02599056 -0.581627    0.13426083 -0.8529575  -0.16069737
  0.98464334 -0.67942196 -0.45811749  0.6854792   0.3338968   0.16902402
 -0.01329322  0.11341548 -0.39041677 -0.31730524  0.16835412  1.0911272
  0.4602849  -0.45024037 -0.59077257  0.11023892  0.7316854  -0.19509396
 -0.7597012   0.00236238 -0.02387843 -0.17265733 -0.1432123  -0.08925404
  0.55544627 -0.9373956   0.5610446   0.16826497 -0.1163462  -0.34385738
 -0.02243125 -0.18723722 -0.29782248 -0.06011129 -0.18845466  0.17778881
 -0.30904672 -0.02589786 -0.42795256  0.22477865 -0.5771837  -0.82509005
 -0.5389165  -0.46813285  0.58682996 -1.0771683  -0.99292314 -0.3132263
  0.4914848  -0.45148453 -0.13620089 -0.09193724 -0.18515263 -1.5945871
  0.3362308   0.21392271]"
cs.GT;cs;Computer Science and Game Theory;http://www.wikidata.org/wiki/Q44455;http://dbpedia.org/resource/Game_theory;https://cso.kmi.open.ac.uk/topics/game_theory;13.0;"[-0.348396   -0.33650517 -0.28810185  0.02758622 -0.38146514  0.17358123
  0.9108337   0.09262046  0.74635625  1.3885247   0.3126984  -1.0250283
  0.01610362 -0.5575048   0.05016683 -0.67663574  0.7672298  -0.55786437
 -0.16669598  1.1264272  -0.40728197  0.21297213  0.09491214  0.40843123
  1.1183513  -0.4406914   0.28192827 -1.0612758   0.15490346  0.36750227
 -0.04516211 -0.3468772  -0.05225332  0.6581873  -0.5073701  -0.53524816
 -0.98033273  0.6973222   0.91956395  0.58473164  0.71436465  0.63250357
  0.8252178  -0.82332706  0.20959413  0.511858   -0.2488204   0.5032674
  1.2428548   0.15527825  0.06298544 -0.37393683  0.32049218  0.86543924
  1.109388    0.34371668 -0.05835547  0.5506347   0.17187747  0.39258906
  0.34906104  0.11143056 -0.48652264  0.9191782   0.16639215  0.09675542
  1.1958226   0.5313966  -0.0310494   0.40306467  0.5556248   0.85595834
  0.55605614 -0.28510064 -0.00512701 -0.19794168  0.403134    1.3274124
  0.27868754 -0.559056    0.68925637 -0.44169745  0.36315987 -0.5969473
 -0.815649   -0.00524512 -0.85608226  1.6025907   0.1016795  -0.10529874
  0.07954093  1.035217   -0.8645436  -0.27401635  0.0378864   0.01187764
 -0.21983969  0.26546445 -0.12000088 -0.6771968   0.15555805  0.23294945
 -0.41093016  1.2414327   0.16585243 -0.33249328 -0.35833496 -0.5810953
 -0.02719524 -0.52787226 -0.7708214  -0.2767313  -0.8093777   0.8569763
 -0.6983447  -0.22542007  0.63678527 -0.67437774 -0.5170189  -0.4732564
  0.1431522   0.2747259   0.12899849 -0.49341273  0.61473435 -0.3419665
 -0.8877096   0.6182343   0.5002871  -0.12927434  0.05845326 -0.7445613
  0.10029748  0.64178777  0.33995068  0.40937158 -0.4729879  -0.24459876
 -0.39343464  0.07219174  0.23433816  0.38845146 -0.8257124  -0.28820032
  0.42478475  0.3921468  -0.65015084  0.22220981  0.5623681  -0.3346789
  1.0590676   1.0487344  -0.38554728 -0.31322455  0.6362365   1.0823677
  0.10180052 -0.55379283 -0.41954806 -0.2620507   0.05283567  0.49543095
 -0.2659069   0.69500077 -0.279727   -0.10890678 -0.28136173  0.43742588
  0.2761035  -0.6674488  -0.43763885 -0.47161663 -0.10269392  0.45383787
  0.08351483 -0.34518188  0.2770193   0.35643673 -0.5434886   0.17966513
  0.1923313  -0.33180502 -0.23215896 -0.1661617  -0.3117215   0.11757524
 -0.47398022 -0.5839053   0.39137563  0.24052674 -0.13746332 -0.25164813
  0.2721863  -0.14959253 -0.64796585 -0.21689376 -0.17802882 -0.47327605
  0.4665143  -0.46631452]"
cs.HC;cs;Human-Computer Interaction;http://www.wikidata.org/wiki/Q207434;http://dbpedia.org/resource/Human-Computer_Interaction;https://cso.kmi.open.ac.uk/topics/human-computer_interaction;14.0;"[-3.04814160e-01  2.14741528e-02 -3.74492034e-02 -1.59504674e-02
  1.75541267e-01 -3.34675908e-01  3.05551022e-01 -4.51743066e-01
  1.04319127e-02  2.55712092e-01 -7.60343447e-02  3.16670761e-02
 -1.80780105e-02 -6.20498601e-03 -1.79929376e-01 -1.50646999e-01
  1.49054408e-01 -3.68270231e-03 -1.39235169e-01 -2.87193656e-02
 -2.19622269e-01 -8.35104585e-02 -2.74127871e-01  1.94518462e-01
  5.03354609e-01 -1.87090829e-01 -1.02912143e-01 -1.79966360e-01
  9.44866836e-02  1.87520571e-02  2.24213779e-01  1.42415628e-01
 -1.36447549e-01  4.02514450e-02 -6.15745317e-03  3.13251644e-01
 -3.00152481e-01  3.45950499e-02  4.01682496e-01 -6.06661960e-02
  2.00846240e-01 -9.62194875e-02  7.58901656e-01 -9.34007540e-02
 -1.94397327e-02 -9.49352160e-02  1.77859992e-01  4.27730456e-02
  3.70690614e-01 -4.03110161e-02 -3.06766201e-02 -2.73493454e-02
 -3.34589571e-01  3.11561972e-01  1.64915502e-01 -1.49920031e-01
  2.76519388e-01  2.72008747e-01  9.60569531e-02  1.40982106e-01
  1.90877486e-02 -6.30004331e-02 -2.98379231e-02  4.22921032e-01
 -1.24583274e-01  1.50715962e-01  2.06687912e-01  1.71161056e-01
 -8.60855877e-02  2.54725635e-01 -3.46858576e-02  5.45078516e-02
  2.54334956e-01 -9.46238339e-02 -1.41875148e-01  1.87322691e-01
  3.92521545e-02  2.96695113e-01 -1.96252719e-01 -7.44847953e-02
 -1.41005397e-01 -9.35734883e-02  2.17374161e-01  7.62536302e-02
 -9.92939100e-02 -6.90209642e-02  1.18975215e-01  1.25576362e-01
  1.39199585e-01  3.25547755e-01 -1.49203971e-01  2.74806172e-01
 -2.15847388e-01  2.40415055e-03 -1.46704867e-01  1.08164102e-01
 -9.96717066e-02  7.31403381e-02 -1.98936625e-03 -2.40475610e-01
 -6.68255938e-03 -2.22397953e-01  4.97002490e-02  1.29324347e-01
 -2.54559312e-02  8.41604546e-02  3.04750651e-01 -1.77446052e-01
 -2.52747357e-01 -2.77175933e-01  1.27457082e-01  6.51780218e-02
 -8.41810405e-02  2.16113366e-02 -2.65531003e-01 -4.59106565e-02
 -5.47948247e-03 -1.07783414e-02  4.11559165e-01 -2.42638290e-01
  1.53773785e-01  1.67786628e-02 -1.62375927e-01  6.96785152e-02
  1.03427798e-01 -4.34213318e-03 -4.56018001e-01 -1.39825642e-01
  2.07251370e-01 -4.89786237e-01  3.07258695e-01 -2.36362830e-01
 -1.68120176e-01 -1.76839735e-02 -9.14035439e-02 -2.03253716e-01
  1.33815140e-01 -2.11149275e-01 -4.21452790e-01  1.51461437e-01
  1.35743991e-01 -9.98518094e-02 -2.96511829e-01 -8.97910744e-02
  1.97421923e-01  7.98333287e-02 -6.33540154e-01  5.90844825e-02
 -1.18629530e-01  9.27480161e-02  3.06483150e-01  9.07299817e-02
 -2.12825552e-01 -4.76561874e-01 -2.99676452e-02  1.60387516e-01
  9.20167789e-02 -3.22507441e-01 -4.09269333e-01 -1.67295393e-02
  2.80573756e-01  2.76586562e-01 -2.28474200e-01  1.46823255e-02
 -9.90500394e-03 -2.53351659e-01 -3.17053460e-02  1.47914514e-01
  2.96512663e-01 -3.91501635e-01  2.66669780e-01 -2.67855704e-01
 -7.47918934e-02  2.56086230e-01 -1.75067082e-01  8.35790634e-02
 -1.63382918e-01 -4.24099825e-02 -3.50857601e-02  8.07320252e-02
 -8.62829238e-02  4.82842028e-02 -2.20480129e-01 -2.31446093e-03
 -1.13320351e-02 -7.20010772e-02 -3.94189328e-01 -2.78543085e-02
  3.02894682e-01  5.88660873e-02 -1.09583855e-01  2.92946992e-04
 -4.44267504e-02  9.54146236e-02 -7.64972642e-02 -8.60325061e-03
 -2.07923502e-01 -3.03994119e-01  7.28235319e-02 -1.26445033e-02]"
cs.IR;cs;Information Retrieval;http://www.wikidata.org/entity/Q816826;http://dbpedia.org/resource/Information_retrieval;https://cso.kmi.open.ac.uk/topics/information_retrieval;15.0;"[-1.21222723e+00 -8.49957228e-01  3.03885251e-01 -3.45714509e-01
 -2.93092400e-01  3.11771005e-01  5.46522021e-01  6.40462697e-01
  3.37188393e-01 -4.60873693e-01 -2.96203882e-01 -6.56431198e-01
  3.10001105e-01  4.89260666e-02 -1.85899681e-03  9.14120451e-02
  6.36376441e-01 -6.99010015e-01 -7.70476103e-01  4.50027883e-01
 -3.80136162e-01 -3.79934423e-02 -7.56362975e-02 -7.35665089e-04
  1.85363516e-01 -7.53628314e-01  1.12875748e+00 -4.59414542e-01
  3.31588119e-01 -3.73121977e-01 -1.82128713e-01  1.43326893e-01
  1.86194777e-01  8.15599084e-01  3.34808566e-02  3.97907384e-02
  2.13205442e-01  1.94323272e-01  8.84569049e-01  2.34214276e-01
  6.73388600e-01  2.91902244e-01  9.13600683e-01 -1.17287494e-01
  2.75529832e-01  1.06704545e+00 -9.28359449e-01 -2.62279958e-01
  7.07128584e-01 -6.31166637e-01 -1.77131131e-01  1.00146639e+00
 -7.21107200e-02  1.16089150e-01  3.08816228e-02  2.13767171e-01
  7.66040683e-02 -5.29170275e-01 -2.86707599e-02  4.68975157e-01
 -3.86542767e-01  1.74097165e-01 -2.54356474e-01 -1.10137304e-02
  1.05984557e+00 -1.17399700e-01 -5.89483798e-01  5.34561098e-01
 -6.17625080e-02 -2.61247337e-01  4.65782046e-01  3.02196950e-01
 -7.55592883e-01  1.25751242e-01  6.70900121e-02 -4.86231595e-01
 -1.52394593e+00  8.59485686e-01  1.92707211e-01 -1.81000888e-01
 -1.35345727e-01  3.98962259e-01  5.42559512e-02 -2.76728004e-01
 -4.31541800e-01 -3.75823349e-01 -3.77337635e-01  1.07952273e+00
  2.57548034e-01 -2.69925535e-01 -9.00279820e-01  1.04933488e+00
  4.91873294e-01 -1.14214914e-02 -6.56283975e-01  4.61322814e-02
 -6.60874188e-01 -8.41713309e-01 -1.64627314e-01  1.74717903e-02
 -2.74838448e-01 -1.79979816e-01 -3.90666239e-02  8.05881262e-01
  5.70650637e-01 -6.75369278e-02  5.64801395e-02  2.18952373e-01
 -9.35554147e-01  5.43408930e-01  5.53923130e-01 -6.89735174e-01
  1.54505730e-01  1.87376499e-01  3.74723315e-01  2.28819489e-01
  3.04782055e-02  8.30796454e-03  7.56399095e-01 -1.10267770e+00
  3.81514169e-02 -5.37549593e-02 -9.86109227e-02  4.11235660e-01
  1.43568397e-01 -3.22478116e-01 -1.02843785e+00  7.02627540e-01
 -3.25135402e-02  9.40451682e-01  4.23054278e-01 -7.87247479e-01
  1.06935523e-01  5.99370658e-01 -7.34355748e-01 -8.29866707e-01
 -4.09065664e-01 -7.15303183e-01  2.26847470e-01 -4.03216928e-01
 -4.29309219e-01  1.49840212e+00 -6.05391979e-01 -1.10580966e-01
  1.03766167e+00 -6.23604774e-01 -5.19729964e-03  1.82091773e-01
 -8.44694257e-01  7.31259048e-01  2.29726210e-01  3.64895523e-01
 -5.42738795e-01 -2.89722443e-01 -9.98526633e-01 -1.69654444e-01
  2.02549249e-01 -3.15755188e-01  7.72405937e-02  4.31892753e-01
  4.20436949e-01  6.76296771e-01 -6.50994718e-01 -4.55376685e-01
  1.42839709e-02  4.42948312e-01  1.30890501e+00 -1.90725282e-01
  7.38869831e-02 -9.66031909e-01 -1.25516295e-01 -7.14502335e-01
  3.54826450e-01  8.16523731e-02 -2.96545893e-01 -3.11256982e-02
  1.12928348e-02  2.53739804e-01 -1.09604132e+00  3.35540056e-01
  1.33352831e-01 -5.59611842e-02 -9.48163569e-02 -4.80437785e-01
  4.26536441e-01  6.15109950e-02  2.45519757e-01 -1.80372894e-01
  4.28295404e-01  8.99228156e-02 -5.26016295e-01 -3.27215046e-01
 -2.87730157e-01 -1.05760646e+00  3.78634483e-01  7.17944264e-01
 -6.49739385e-01 -6.63089871e-01 -1.80521965e-01 -1.36720268e-02]"
cs.IT;cs;Information Theory;http://www.wikidata.org/entity/Q131222;http://dbpedia.org/resource/Information_theory;https://cso.kmi.open.ac.uk/topics/information_theory;16.0;"[-5.43928802e-01 -6.59780949e-02  2.91500747e-01  7.29711831e-01
  7.82902360e-01 -1.54534057e-01  8.20783854e-01  1.91160202e-01
 -4.71217960e-01 -4.04018015e-01  4.08933014e-01 -6.87208474e-01
  3.84116232e-01 -2.99536437e-01 -5.28655231e-01 -4.86577064e-01
  9.78143215e-01 -1.21518612e+00 -8.69736195e-01  8.74086678e-01
 -5.41221321e-01  1.50535181e-01  5.62383309e-02  2.55644619e-01
  5.99764943e-01 -2.40160331e-01  4.22136009e-01 -1.45369565e+00
  8.71918142e-01  2.71017224e-01  4.02776778e-01 -1.33140039e+00
  3.35546106e-01 -3.44796717e-01 -7.20719397e-01  4.21623558e-01
  8.13241720e-01  1.75054222e-01  5.44070601e-02  4.53594357e-01
  1.26434967e-01 -8.78367871e-02  1.09229410e+00 -3.32290411e-01
  4.72891480e-02  6.43830299e-01  5.37907742e-02  4.17551368e-01
  8.18249106e-01  4.60468680e-01  8.30532253e-01  2.86019146e-01
 -2.71890253e-01  2.05442816e-01  1.25017136e-01  2.43365213e-01
  8.36072505e-01 -1.50443673e-01  4.52464253e-01  3.37348670e-01
 -2.19610021e-01  1.81577563e-01 -2.38273174e-01  6.15949512e-01
 -5.04183769e-02 -2.44475901e-02 -2.12507263e-01  2.99680114e-01
  2.52628684e-01  6.46040201e-01 -1.47584602e-01  1.74234539e-01
  3.37627441e-01  1.43018916e-01 -1.09090674e+00  4.75828946e-01
 -3.28066170e-01  7.07951605e-01 -2.91173965e-01 -4.20220405e-01
  1.20198213e-01 -1.09834254e+00  2.41341695e-01  5.49338818e-01
 -5.15741825e-01  5.03539860e-01 -1.15778282e-01  5.25849998e-01
  2.07184568e-01 -1.43110409e-01 -1.17663157e+00 -2.84004509e-01
  2.11122259e-01  4.33224924e-02 -8.71147871e-01 -6.16746604e-01
 -1.47745505e-01 -8.94308090e-01  3.49291205e-01  4.20783490e-01
 -6.90862298e-01  1.11591005e+00  3.78657907e-01  7.33313799e-01
  1.80065870e-01  4.16607499e-01  5.75189292e-01  5.63723803e-01
 -5.82680702e-01  5.98931491e-01 -1.68165609e-01 -3.20788354e-01
 -3.53484869e-01  1.29089221e-01 -1.81328073e-01 -5.07747591e-01
  4.01903242e-01 -5.46979427e-01  3.66966814e-01 -3.39800030e-01
 -2.93274134e-01  1.12801798e-01 -6.98484993e-03 -4.77283187e-02
  3.01367313e-01  1.01027407e-01 -7.22241461e-01  4.00228381e-01
  5.01914680e-01  8.84093404e-01  2.32804328e-01 -4.35999453e-01
 -1.70113102e-01  1.34717417e+00 -2.49192685e-01 -6.48887455e-01
 -7.17776716e-02 -5.17393231e-01  4.48063195e-01  7.42405131e-02
  2.81241119e-01  3.07752863e-02 -7.26697564e-01  2.32472777e-01
  4.80410188e-01 -8.34585428e-01 -5.07472336e-01  3.86313386e-02
 -1.13616318e-01  7.86680698e-01  9.48732853e-01  7.03731894e-01
 -9.56179619e-01 -6.78711057e-01 -2.57294863e-01  7.43351758e-01
 -4.36107516e-01  9.12746042e-02 -4.29578349e-02 -4.78426628e-02
 -3.65738161e-02  1.11500323e+00 -4.18770760e-01 -3.19080830e-01
  2.42180616e-01  7.39329904e-02  3.37129325e-01  3.35179031e-01
 -8.79220292e-02 -9.40770209e-01 -1.16636075e-01 -8.79161119e-01
  2.75735408e-01 -1.37365256e-02 -2.92597294e-01 -5.73844075e-01
 -1.05480442e-03  2.61128396e-01 -7.52903581e-01 -8.03677142e-02
 -5.35525620e-01  2.06542313e-01 -2.54252791e-01  2.26784796e-01
  3.30175161e-01 -8.22631061e-01 -1.58497132e-02 -4.83626157e-01
  4.86047983e-01 -3.38929743e-01 -3.57420892e-01  4.03131723e-01
  5.74498512e-02  1.65827543e-01  2.11439371e-01 -5.33539236e-01
 -4.95928109e-01 -9.66767490e-01  8.36889505e-01  7.38296881e-02]"
cs.LG;cs;Machine Learning;http://www.wikidata.org/entity/Q2539;http://dbpedia.org/resource/Machine_learning;https://cso.kmi.open.ac.uk/topics/machine_learning;17.0;"[ 0.21527384  0.15977424 -0.4195722   0.7265969   0.19952692 -0.8121
 -0.01120899 -0.8391301   0.49517992  0.946211   -0.3691493   0.25723255
  0.24592054  0.28670225 -1.0180804  -0.7460647   0.8730217  -0.6216664
 -1.1502962   0.45787776 -0.40576607 -0.37006274 -0.12176666 -0.13464917
  0.44896194 -0.6107705  -0.1802044  -0.28404248  0.7318267   0.17014804
 -0.34850574 -0.33063373  0.6174526   0.05483111 -0.09768821  0.35603803
 -0.20680167 -0.15794526  0.5615141   0.6668281  -0.15387355  0.32648313
  0.3287697  -0.89124495 -0.956759    0.6640687  -0.41869554  0.5214143
  0.53908676 -0.73053175  0.56128615  0.12448516  0.40691987 -0.5169839
  0.6413822  -0.2803221   0.5575393   0.22283116  0.32245353  0.3936078
 -0.51063013  0.58070546 -0.902126    0.939361   -0.08829152  0.65836
 -0.15316352  0.22267443  0.62986654  0.337219    0.21690035  0.66280013
  0.32257247 -0.8699911   0.06334846 -0.358499   -0.31979764  0.7238943
 -1.2805222  -0.8627015  -0.52777576 -0.49326622  0.68888116  0.8908754
  0.02635042 -0.3206637  -0.33936387  0.09507989  0.90936595 -0.06144784
 -0.8882857   0.5729746   0.5098533   0.58539695 -0.14152367  0.06194458
  0.17489003 -0.15951166 -0.43864113 -0.31084222 -0.7127902   0.88316166
 -0.11722618  1.0752715  -0.06179729  0.5587637   0.12921637  1.023907
 -0.5775936  -0.5229988  -0.22957262  0.11845122 -0.36781782 -0.2928107
  0.5665573  -0.0392496  -0.5479407   0.61859065  0.02742054 -0.5761239
  0.3533375   0.80840117 -0.2857298   0.09881458  0.30995727 -0.40300176
 -0.41326806  0.04140317 -0.24039626 -0.53304213 -0.14661539 -0.1975932
 -0.20859013  1.0729524  -0.06371401 -0.6643807  -0.26988968 -1.0675282
  0.18552633 -0.40167275  0.3677056   0.01544191 -0.24790162 -0.8627807
  0.8415477  -0.5711682   0.64910203  0.6080302  -0.5770375   0.27344468
  0.52606624  0.29401746 -0.9574204  -0.7630949   0.46838385  1.0693091
 -0.2689011   0.1637122  -0.618149   -0.22015603  0.61297774  0.5192949
 -0.4913442   0.18828243 -0.01211742  0.08596885 -0.320138    0.71478677
 -0.511936   -0.4865089   0.18622762 -0.59309965 -0.40140134  0.2960454
 -0.64845395  0.42328173 -0.5980102   0.2960389  -1.3481687   0.21735476
 -1.2583121   0.49706993  0.02272542 -0.29145998 -0.16802533 -0.7939836
  0.25604331 -0.504921   -0.14545295 -0.2738833  -0.4523989  -0.4557873
 -0.3422984   0.5751824   0.03818816  0.2496258  -0.1861419  -1.4533043
  0.5571787   0.3845953 ]"
cs.LO;cs;Logic in Computer Science;http://www.wikidata.org/wiki/Q8078;http://dbpedia.org/resource/Logic;https://cso.kmi.open.ac.uk/topics/formal_logic;18.0;"[-0.7808427  -0.1607138  -0.18114533  0.9116746   0.6158438  -0.5630972
 -0.01335275 -0.52007663 -0.5714935   0.9335522   0.06098296 -0.6683735
  0.6078677   0.2416247   0.5303617   0.2742673  -1.1082044  -0.1077408
 -0.27192298  0.32846478 -1.1701176  -0.6541572  -0.1760467  -0.4167083
  1.3230112  -0.04540043  0.3229128  -0.23404853  0.6054615   0.36150995
  0.03249424  0.65991145 -0.2049806   1.2170075   0.09796526  0.5013467
  0.12270911  0.60345566 -0.05910724  0.7806526   0.9819251  -0.15800066
  1.0376656  -0.4608049  -0.21382013  0.26275575  0.2611972  -0.48214412
  0.77550524  0.635704    0.58852327 -0.6833329  -0.6016935   0.43698907
  0.7139147   0.08900964  0.6824509   0.35417    -0.09092108  0.1657917
  0.69348395 -0.00335179  0.7528867   0.55242157 -0.7633366  -0.64171064
  0.0056534  -0.39762875 -0.01583746  0.09261695 -0.6407355   0.01186776
 -0.25716504 -0.16499132 -1.5989008   0.00467731  0.03232862  0.78032017
  0.00728118 -0.80525774  0.2196263   0.2698567   0.31421292  0.32704717
 -0.12970467 -0.1028121   0.40484947 -0.09114616  0.96347547 -0.0200773
 -0.50910753  0.42622632 -0.07625455  0.5160458   0.3060165   0.01224853
 -0.69183105  0.6343725  -0.40802968 -0.44721153 -0.35298383 -0.5948952
 -0.01733392  0.6742551   0.3137826  -0.625659   -0.38953248  0.40975806
 -0.76305306  0.22592391  0.00978745 -0.06185913 -0.0501079   0.14064017
 -0.41030183 -0.7963992   0.8245726   0.47014388  0.8093285  -0.06403964
  0.20895599  0.02336789 -0.83522505  0.5036086   0.4079717   0.13409965
 -0.9874492   0.37502426  0.3230676  -0.8629631   0.5015823  -0.10329274
 -0.7124043   1.2673795   0.27370885  0.53894246  0.13733293 -1.1700138
 -0.8570948   0.15140267  0.507196    0.47607192 -0.98465407 -0.41799414
  0.1803096   0.07385125 -1.4467423   0.6293225   0.21449474  0.1540366
  0.87148476  0.38865927 -0.5507805  -1.0296146   0.00470659 -0.08393253
 -0.42350385 -1.6460224  -0.29734522  0.77845085  0.23169579 -0.00582745
 -0.5692692  -0.03937104 -0.15579826  0.49251184 -0.09745283  0.52399665
  0.12838542 -1.1821667   0.7148291  -0.06265936 -0.6156695   0.05330839
  0.28172886 -0.09133165 -0.10063279  0.26228714 -0.7319609   0.15017503
  0.06208462  0.3004947  -0.44164062  0.39762476  0.12289567 -0.14127733
 -0.7121768  -0.19327171 -0.00171952  0.2866243  -0.39988682 -0.75136626
 -0.21920767  0.01240813 -0.2524295   0.90187967  0.16400574 -0.80672437
 -0.32596716 -0.05619287]"
cs.MA;cs;Multiagent Systems;http://www.wikidata.org/entity/Q529909;http://dbpedia.org/resource/Multi-agent_system;https://cso.kmi.open.ac.uk/topics/multiagent_systems;19.0;"[-0.45591274 -0.16278242 -0.30213976 -0.12518232  0.18438528 -0.4346837
  0.18504435  0.89175427 -0.10749792  0.04239967 -0.29049674 -0.09741224
  0.83258164  0.26896232 -0.14674318 -0.35639626 -0.13943872 -0.27786702
 -0.42321905 -0.17998435 -0.39277     0.00820203  0.05427928 -0.37469882
  0.57877624 -0.75163037 -0.11028773 -0.20091867  0.16037965  0.08741147
  0.214904   -0.01157363 -0.14527932  0.23668769  0.13807786  1.2853551
 -0.19924891  0.60924417  0.6930832  -0.07002332 -0.43688834 -0.11138616
  0.06172936 -0.53685623  0.38966706  0.3695608  -0.01020637  0.39883453
  0.25242296 -0.6451301   0.34222192  0.14673097 -0.30785528  0.4501647
 -0.15868431  0.47033376 -0.15619273  0.3760205   0.4961115  -0.0291289
  0.03505094 -0.11540309 -0.15756902  0.52965987  0.21435867 -0.008998
  0.04791149  0.2327638  -0.18522647  0.15171233  0.03023027  0.13169272
 -0.11560229 -0.4001207   0.0891488   0.75366324  0.5967384   0.10821913
  0.13520825 -1.0270418   0.23553085 -0.3182383   0.9128581  -0.10173835
 -0.10389508 -0.21873255  0.2766165   0.596236    0.7670418  -0.01235706
 -0.5371493  -0.699863    0.651573   -0.37277678 -0.72707087 -0.09704736
  0.209227    0.24118268  0.14733474 -0.48954317 -0.28565356 -0.77354467
  0.36288205  0.54604197 -0.1561382  -0.10960631 -0.08632314  0.31470823
 -0.60122854 -0.09591623 -0.8907059  -0.29406154  1.1791174  -0.06156417
 -0.16889459  0.23711346 -0.40940872 -0.70175564 -0.02179272 -0.71758115
 -1.2397594   0.12695363 -0.14736028 -0.10171587 -0.24914202 -0.3212892
 -0.817501    0.503087   -0.43329307 -0.06392374 -0.22727135 -0.80739194
  0.11323855  0.49208823  0.10159697 -0.8548658  -0.18950213  0.23548329
 -0.50576395  0.16825038  0.06661822  0.8447287   0.34339112 -0.10361404
  0.56392795 -0.23098941 -0.7700519   0.16282213 -1.0403217   0.10114013
  0.0887797   0.5709805  -0.17953756 -0.11958936  0.12166972  0.9139054
  0.23471305  0.01265883 -0.08194809  0.36845028  0.19227068  0.7468478
 -0.7201821  -0.32818648 -0.291117   -0.174892   -0.03592451 -0.23602955
  0.17849691 -1.0505913  -0.08774486  0.61287904  0.35584727  0.63775086
 -0.11211494  0.11728137 -0.89776707  0.27390283  0.16821486 -0.658439
 -0.7867586   0.01844012 -0.0233862  -0.42552412 -0.25257063 -0.7787713
 -0.1829422  -0.40001315  0.030233   -0.5088317  -0.23907314 -0.7379069
  0.13552165  0.06767784 -0.5766212  -0.03209885  0.09556143 -1.1375635
 -0.11175935  0.2695729 ]"
cs.MM;cs;Multimedia;http://www.wikidata.org/entity/Q131765;http://dbpedia.org/resource/Multimedia;https://cso.kmi.open.ac.uk/topics/multimedia_systems;20.0;"[-0.20674282  0.00738396 -0.1896512   2.16794    -0.08705238 -0.8869109
  0.06436475 -0.37179682  1.2483845  -0.23331428  0.16175364 -0.13074887
  0.47581804 -0.29124805  0.09641705 -0.12136594  0.1444024  -0.4479509
 -0.9238941   0.10764592  0.41428515 -0.6200412  -0.49066237  0.16091688
  0.7808537  -0.97971857 -0.26109484 -0.8626341  -0.03300941  0.1679122
 -0.22552216  0.07226454 -0.12081382  0.6078085  -0.10505915  1.3290443
 -0.53169984  0.6101896   0.09678433  0.22951475  0.11757372  1.514635
  1.1859647  -0.480632   -0.7097619   0.46793684  0.9233032  -0.30403394
  0.36075357  0.3971896  -0.9824956   0.00532428 -0.23007177  0.6095555
  0.22732459 -0.81069744 -0.3411838  -0.29353607 -0.5211439  -0.13729292
  0.00375301  0.18142846 -0.13144898  1.0180207   0.2954548  -0.06685967
 -0.45812532  0.6883045   0.9085466  -0.01501024  0.26484692  1.289562
 -0.6370124   0.41778564  0.02279953  0.28046548  0.16293639  0.8836866
 -0.8216923  -0.9174928   0.5576875  -0.6981978  -0.02695462  0.53065246
  0.23519287 -0.6750331  -1.4018005   0.21383575  0.8719794  -1.0030662
 -0.57943887 -0.09320303  0.39553034  0.33140075  0.3767636   0.27522364
  0.5126592   0.75448376  0.3085708  -0.23042953 -0.51091176 -0.27155563
  0.6716862   0.72531897 -0.22746287  0.39801788  0.69144136 -0.4103595
 -0.3391      0.20500979  0.64887017 -0.44501895 -0.2394341   0.37347144
 -0.8583726   0.13142958  0.22067818  0.55902463  0.8554522  -0.20952925
  0.36212867 -0.22063653  0.16785888  0.28635725  0.31354517 -0.6603118
 -0.88908505  0.12351625  0.21702914 -0.4891406   0.5442042   0.11743027
  0.11712024  1.5049517  -0.1542229  -0.8145119  -0.10009649 -0.89897823
 -0.2373401  -0.28168434  0.30597106 -0.49542993 -0.2624625  -0.5618973
  0.7434702  -0.61468554 -0.66597575  1.4296856  -0.19977817  0.34250113
  0.727194    0.19380406 -0.34859806 -0.5838403  -0.15107015  0.68094385
 -0.6285912  -0.2691647  -0.21736369  0.11033021 -0.08381453  0.10854482
 -0.3339298   0.46361133 -0.528454    0.09183642  0.05615405  0.18428557
  0.6910624  -0.76755357 -0.05957764 -0.16384347 -0.1278671   0.02513956
  0.5511106   0.16697592 -0.04917587  0.80124706 -1.6125838   0.5468662
 -0.23922157  0.7839195   0.10140233 -0.03150349  0.17431276 -0.47736055
 -0.02966974 -0.46072656  0.86489093 -0.6133006   1.2303841   0.52239543
  0.05837081 -0.42813823 -0.76609415  0.4093346   0.37470755 -0.46845636
 -1.1519005   0.2791084 ]"
cs.MS;cs;Mathematical Software;http://www.wikidata.org/entity/Q1639024;http://dbpedia.org/resource/Mathematical_software;;21.0;"[ 6.76805377e-01 -6.28666654e-02 -4.74321216e-01  6.06472671e-01
  4.24820036e-01  2.01032795e-02  9.79770534e-03 -6.00254118e-01
 -4.30612788e-02  2.79431790e-01  2.92188913e-01 -3.43989879e-01
 -2.09183067e-01  4.92448479e-01  3.99163336e-01 -4.38425303e-01
 -3.14597219e-01 -1.22508049e-01 -8.45702142e-02  3.03150207e-01
  1.81582317e-01 -6.09258831e-01 -1.98700532e-01 -2.96197712e-01
  1.19471037e+00 -3.20432097e-01 -1.11391162e-02 -5.83186865e-01
 -1.12556726e-01 -1.54762298e-01  5.89516580e-01  5.83381712e-01
 -3.04726690e-01  6.62286356e-02 -1.42041340e-01  1.06528533e+00
  2.10754246e-01  5.78145504e-01  6.60193980e-01  3.66898507e-01
  3.74597549e-01  3.99140269e-01  8.98190796e-01 -3.72193269e-02
  1.64316699e-01 -1.27368331e-01  4.76157486e-01 -6.45653844e-01
  9.00867432e-02 -7.69498795e-02  2.87088025e-02 -5.85188925e-01
  1.97825059e-01 -7.97985941e-02  4.51619655e-01 -2.10541710e-01
  2.49071434e-01 -5.66216886e-01  1.64337814e-01 -2.29643568e-01
  5.18456578e-01  2.12952383e-02  1.73781201e-01  9.52607095e-01
 -5.59418023e-01 -3.91030729e-01 -1.83979392e-01  3.10006320e-01
  3.29761267e-01 -5.02214193e-01 -6.80935457e-02  4.09644932e-01
  2.47360066e-01 -2.50737220e-01 -7.15663612e-01  3.66335034e-01
 -8.52803588e-01  5.18140018e-01 -5.54259479e-01 -5.25803685e-01
  6.62961781e-01 -5.10052264e-01  3.83619666e-01 -4.45916802e-01
  6.66866452e-02 -2.35604607e-02  1.75346240e-01  2.08621502e-01
  9.25869197e-02 -2.61076659e-01 -2.88204372e-01  1.49029046e-01
  3.96333309e-03 -2.95762420e-01 -2.66044945e-01  1.51899621e-01
 -4.65108931e-01  5.75103462e-01 -4.73236144e-01 -5.00450611e-01
 -1.87831551e-01 -4.14411008e-01  3.61970097e-01  4.72200841e-01
  6.94582582e-01  5.80708861e-01  1.36227056e-01  6.89646900e-02
 -2.38114744e-01  4.27518487e-01  2.07350582e-01 -2.52633154e-01
  6.66109622e-02 -2.60425806e-02  4.74542856e-01  2.98253074e-02
  4.07917976e-01  8.19342554e-01  6.47694111e-01  1.01524338e-01
  2.87723720e-01 -3.60745251e-01  2.69459158e-01 -8.46231282e-02
  2.72167891e-01  2.29594469e-01 -3.44747156e-02  5.85684717e-01
  7.40459442e-01 -4.88329291e-01  3.99454594e-01 -1.68057188e-01
 -3.66441131e-01  4.37532574e-01  1.00046606e-03 -1.96217060e-01
  2.62022316e-02 -5.52479804e-01 -3.12426120e-01 -2.45152146e-01
 -4.51089442e-01 -5.23331702e-01 -9.28952873e-01 -4.36604202e-01
  6.36606991e-01 -2.03560382e-01 -9.36102867e-01  3.54711175e-01
  2.77173698e-01  2.69438118e-01  3.45805049e-01  4.33334619e-01
 -3.64483058e-01 -6.65353477e-01  1.39978230e-01  3.97973567e-01
 -1.46667764e-01 -9.45340633e-01  2.46645391e-01 -1.58549607e-01
  1.38655588e-01  5.05625904e-01 -5.41712344e-01  2.76623785e-01
 -6.27639294e-01  7.99448341e-02  1.45166293e-01 -1.41623572e-01
  4.50463325e-01 -1.62795857e-01  6.10297441e-01 -4.71263379e-01
 -1.58574507e-01  1.54002190e-01 -4.67746228e-01 -5.97203910e-01
  5.64280786e-02  7.82685816e-01 -5.67569256e-01  3.90050590e-01
  1.48906425e-01  2.67419487e-01 -2.21884876e-01  1.55738667e-01
 -1.25760093e-01 -3.00234944e-01 -3.42564434e-01  1.71379849e-01
  3.15748006e-01 -2.80590594e-01 -2.83703744e-01 -6.15751803e-01
 -1.58366486e-01 -1.91522360e-01 -6.44069910e-01 -7.28147104e-02
  3.76823723e-01 -8.11753750e-01 -1.07870206e-01  3.39965492e-01]"
cs.NA;cs;Numerical Analysis;http://www.wikidata.org/entity/Q11216;http://dbpedia.org/resource/Numerical_analysis;https://cso.kmi.open.ac.uk/topics/numerical_analysis;22.0;"[-0.59184194 -0.3317805  -0.42904395  0.9620782   0.35065818 -0.97252065
 -0.26590613 -0.32538053 -0.60216933  1.205835   -0.1735666  -0.6109783
  1.2922916  -0.27988    -0.93948877 -0.04466563 -0.17497836 -1.3168627
 -1.1059703   0.83516335 -0.05002802 -0.61779714  0.569914   -0.01056089
  0.9335114  -0.22800332  0.5380631  -0.55327487  0.6188841   0.37303504
  0.38616973 -0.28277767  0.37528828  0.3508078  -0.4673238   0.6874849
 -0.6311253   0.5998053   0.44557926  0.44644824 -0.22668594  0.15190189
  0.5643126   0.568391   -0.9057497   0.33577365  0.5182098   0.17636195
  0.3842833  -0.24348165  0.23420629 -0.2640024  -0.43651327 -0.14895798
  1.0109819   0.537496    0.5059828   0.2918457   0.07460362  0.46256125
 -0.56175685  0.17455724 -0.5245465   1.4971582   0.74778855 -0.1815917
  0.28824207 -0.14011914  0.4073203   0.15095171  0.4331549  -0.42850128
 -0.5775213   0.05830139 -0.53118455  0.4468932   0.17422472  0.27094597
 -0.477559   -0.3486525   0.5853786  -0.14064954  0.5265475   0.64621323
 -0.3222126  -0.44972488 -0.3846297  -0.01851393 -0.5474962   0.8287372
 -1.1045353   0.37198818  0.529326    0.8639627  -0.7173347  -0.28782448
  0.34549493 -0.00507638  0.35071298 -0.21872567 -0.81447315  0.39157635
  1.1594932   0.7290981   0.8307956  -0.07716285  0.01415768  0.7332549
 -0.7324482  -0.41896448  0.4162036  -0.5185761   0.00710031  0.22059855
 -0.32561982  0.33234924  0.08699115  0.9397338  -0.5076562   0.04915327
  0.05683729 -0.7202988  -0.21946461  0.4440724   0.13096541  0.22380584
 -0.33849704  0.5685588   0.03794408  0.05163227  0.16141161  0.11894187
 -0.6430597   1.2399424  -0.02419678  0.09740516  0.57627416 -0.3570016
  0.41772062  0.39905792  1.0454581   0.51639766  0.30822188  0.2994476
  0.7398341  -0.12465971  0.12025908  0.10594939 -0.49127048 -0.06264223
  0.7834145   0.6144241  -0.62477237 -0.84883183 -0.46029612  0.40692568
 -0.0142991  -0.6136252  -0.27185166 -0.29599696 -0.08023751  0.39958507
 -0.7681477   0.77519256 -0.4473297   0.09158125 -0.14072098  0.02464479
  0.3149606  -0.5326509  -0.1321024   0.42060196  0.2682876  -0.4843547
 -0.3795891  -0.53995454 -0.30289087  0.4350327  -0.6852429  -0.512242
 -0.3166581   0.91527164  0.16408572  0.7974837  -0.35846254 -0.6703954
  0.56976706  0.7031749   0.06315154 -0.61719584  0.33443582 -0.43325755
  0.5529108   0.35636982 -0.42980507 -0.52571344 -0.5292799  -0.90273446
  0.01631826  0.40890247]"
cs.NE;cs;Neural and Evolutionary Computing;;;;;
cs.NI;cs;Networking and Internet Architecture;https://www.wikidata.org/wiki/Q1068715;http://dbpedia.org/resource/Telecommunications_network;https://cso.kmi.open.ac.uk/topics/telecommunication_networks;23.0;"[-0.20881952 -0.12034374  0.43017673  0.11421817  0.6825703   0.14023146
  0.5697169  -0.01649753  0.12492038 -0.09115305  0.42053482 -0.47602457
  0.9395757   1.126173   -0.00477879 -1.3536294   0.18653317 -1.3728906
 -0.6634074   0.35153368  0.140994    0.66784245  0.14622931 -0.01869954
  0.99242914  0.22124013  0.01474988 -1.7217807   0.32018182 -0.0389826
  0.34912178 -0.05709699 -0.29557258  0.15485723 -0.49070203  1.1072131
  0.22259253  0.39917326  0.83196473 -0.6000368   0.20166253 -0.8077451
  0.9346235  -0.83223444 -0.74746656  0.09011006  0.29766324 -0.10414939
  0.51079303 -0.39275637 -0.57818973 -0.03434886  0.39226156  0.59648293
  0.03436649 -0.24706478  0.4622987  -0.64609104 -0.32790703 -0.12106825
 -0.32983893  0.76754755 -0.5640393   0.5937995   0.45666337 -0.5854943
 -0.04084816  0.7175279   0.50797355  0.47692326  0.552671   -0.45227075
  0.4063307  -0.34816337  0.20682019  0.8881178  -0.20250717  0.3146569
 -0.21718895 -0.8443833   1.2131057  -0.79883546 -0.23014688  1.2145772
 -0.6503893  -0.09425245 -0.3494356  -0.1700468  -0.63380176  0.14361495
 -0.07253182 -0.19701892  0.50709087  0.1042067  -0.30704126 -0.5439295
 -0.46963656  0.0588446   0.16172864  0.15997356 -0.36487857  0.5011046
  0.7171088   1.5322967  -0.05130766 -0.09547121  0.41550896  0.3480583
 -0.5814648  -0.29249313  0.8955868  -0.4774201  -0.639251    0.15378301
 -0.13309239  0.22521237 -0.51928854 -0.1615217   0.09956175 -0.16013372
 -0.62182534  0.3278406   0.26219156  0.4212962   0.08225285 -0.26941288
 -0.16077957 -0.3530607   0.02353392  0.30732176 -0.15952909 -0.08352489
 -0.3524706   1.4437262  -0.3679905  -0.70434654 -0.32534674 -0.5157057
  0.3763762  -0.12230837 -0.3545209   0.83554924 -0.5868838  -0.36095834
  1.3491294  -0.08441589 -1.0425624   0.8163512  -0.32432985  0.0741407
  1.0273983   0.22315498 -0.10384934 -0.7482052  -0.5318459   0.12642848
  0.11090562 -0.06954654 -1.0215633  -0.46872497 -0.32844684  0.43148553
 -0.4932191  -0.21898949 -0.47670946 -0.96971357  0.2655646  -0.23030773
  0.4459384  -0.46708825  0.19052708 -0.18077892 -0.23070021 -0.11642458
  0.0186289   0.22448052 -0.05055787  0.09232818 -0.5588342   0.53697985
 -0.28363103  0.61515963 -0.41712803 -0.20487034 -0.6882655  -0.642026
  0.2386955   0.00968688  0.89177155 -0.75102615  0.05633418  0.59615505
 -0.19336846  0.22705573 -0.35103762  0.08160186 -0.32420385 -1.0699334
  0.23327805 -0.06887215]"
cs.OH;cs;Other Computer Science;;;;;
cs.OS;cs;Operating Systems;http://www.wikidata.org/entity/Q9135;http://dbpedia.org/resource/Operating_system;https://cso.kmi.open.ac.uk/topics/operating_systems;24.0;"[-1.35085583e+00  2.21442990e-02  8.77606392e-01  1.11925885e-01
  4.29248273e-01  4.95437868e-02 -1.93946004e-01 -7.26838529e-01
  8.88272405e-01  2.51812756e-01  7.42006823e-02 -9.18933749e-01
  6.57266080e-01 -8.34181830e-02 -5.47924519e-01  2.86692709e-01
  8.99634302e-01  4.17568199e-02 -1.05199528e+00  3.28607053e-01
  9.14445072e-02 -9.72723886e-02  2.62769639e-01 -2.27928311e-01
  9.36698556e-01  2.36891627e-01  3.29999864e-01 -7.22863674e-01
  6.78105474e-01  5.59063613e-01 -1.61324605e-01  2.34634012e-01
 -1.78465754e-01  5.61732531e-01 -1.41561076e-01  4.84269679e-01
 -9.64512944e-01 -1.85392976e-01  1.05818665e+00  2.61558324e-01
  2.73012727e-01  5.00266492e-01  1.06294382e+00 -6.31354034e-01
 -1.17985427e+00  6.69081867e-01  6.15376472e-01 -5.82272291e-01
  7.13355601e-01 -9.43416953e-01  2.09030733e-01  2.64498204e-01
  7.84145817e-02 -1.08474955e-01  9.77224171e-01  5.47259152e-01
  1.99962053e-02  1.53560147e-01  1.25217512e-01  6.06306553e-01
 -3.96280974e-01  8.39101523e-02 -1.53039768e-01  4.23360944e-01
  4.56946284e-01  6.50954247e-01  5.14717638e-01 -7.27400422e-01
  9.15145793e-05  5.80872238e-01 -2.00394124e-01  2.43501604e-01
  7.85533041e-02 -1.89262837e-01 -5.32941043e-01 -1.03982098e-01
  3.17195952e-01  4.03978884e-01 -3.96823317e-01 -8.31447721e-01
  3.23216259e-01 -1.67512670e-01  3.95888805e-01  7.30456412e-01
  3.59095901e-01  2.83458352e-01 -5.41398704e-01 -4.57390040e-01
  2.54380286e-01  3.35357040e-01 -3.54212314e-01  7.10493326e-01
  3.59289080e-01  3.16260099e-01  6.69496879e-02  5.01682281e-01
 -7.05835402e-01 -2.33336985e-01  1.25959441e-01 -2.51769751e-01
  2.23133549e-01  2.84431309e-01 -6.64782748e-02  6.89355314e-01
  3.29643369e-01  6.34547293e-01 -4.59838025e-02  7.32301325e-02
 -6.49788380e-01  5.40688872e-01  4.15394269e-02 -1.87644421e-03
  1.51605323e-01 -2.23605946e-01  8.01325887e-02 -1.20492205e-01
  6.21362865e-01 -3.13401312e-01  2.60997206e-01 -1.16407603e-01
 -3.11340876e-02  1.82360724e-01 -3.61893207e-01 -1.20543055e-01
  3.73689115e-01 -5.72227910e-02 -5.44996977e-01  6.48134470e-01
  8.10866207e-02 -5.34609795e-01  5.82156539e-01 -4.27973345e-02
  1.26951382e-01  9.87704098e-01 -4.04746562e-01 -5.91506958e-01
 -1.31046295e-01 -1.00702429e+00  3.38195294e-01  7.96828270e-01
 -2.77049184e-01 -4.76413131e-01 -2.28698313e-01  1.02612093e-01
  1.24357700e+00 -4.32565540e-01 -2.33773157e-01  3.80778134e-01
 -3.14137191e-01 -2.53040493e-01  1.20314133e+00  8.21435675e-02
 -3.30560170e-02 -1.28732967e+00  3.79604101e-01  7.63764679e-01
 -4.48184490e-01 -1.18045473e+00 -8.18170309e-01 -2.28706021e-02
  7.61626601e-01  4.51755106e-01 -8.07878911e-01  1.85438648e-01
  1.02206543e-01  1.53694853e-01  2.42854416e-01  2.56280839e-01
  8.20229761e-03 -5.66310227e-01  5.46659470e-01 -1.46718442e-01
  1.82820082e-01 -1.30040959e-01  3.44609976e-01  6.12231158e-02
  4.07562017e-01  1.25717521e-01 -4.62018311e-01  2.74610877e-01
 -1.49081504e+00  2.07242936e-01 -5.79796433e-01  2.01757953e-01
 -9.46079940e-03 -1.03105748e+00 -6.02881610e-01 -4.46508050e-01
  7.23841250e-01 -8.81636798e-01 -6.15814388e-01 -8.37093830e-01
  8.41898143e-01  3.56036633e-01  1.04766525e-01 -5.64181924e-01
  3.55310112e-01 -1.34537566e+00  1.38916269e-01  4.67582107e-01]"
cs.PF;cs;Performance;;;;;
cs.PL;cs;Programming Languages;http://www.wikidata.org/entity/Q9143;http://dbpedia.org/resource/Programming_Languages;https://cso.kmi.open.ac.uk/topics/programming_languages;25.0;"[-0.17752875 -0.15502109 -0.13948563 -0.04109741  0.12236359 -0.25605905
  0.1644437  -0.12749068  0.14401688 -0.11150636  0.08931044  0.08551803
 -0.08307126 -0.08416314  0.16269074 -0.03524042  0.07279395 -0.12264317
 -0.23281181  0.02449541  0.01725977  0.02773137  0.09185736 -0.09650543
  0.28220522 -0.08016336  0.01437404 -0.19315659  0.05019959  0.0980545
  0.05234734  0.18503301 -0.03942401 -0.11557925 -0.2881658   0.2634528
  0.06094428 -0.02479987  0.2378499  -0.04875732  0.18202958  0.0336988
  0.20574097 -0.0451191  -0.15175651  0.12781392 -0.05466708 -0.04716432
  0.20299973 -0.01993144  0.1748159   0.19473979 -0.19205911  0.03999729
  0.07455693 -0.00432387  0.24296866  0.0884622   0.16362563  0.02113632
 -0.09802423  0.04129529  0.00673457  0.26115763  0.11072998 -0.10172461
 -0.1515389   0.19702739 -0.04328243 -0.00213246 -0.07631174  0.05990478
  0.09202801  0.0480836  -0.15958765  0.16736858  0.17163804  0.26801744
 -0.05327737 -0.26223347  0.10461796 -0.22015548  0.17969008  0.20445769
 -0.16545713 -0.07588784 -0.1271945   0.1091269   0.2177184   0.1376069
 -0.18223399  0.01297067 -0.05432957 -0.10916124 -0.08925458  0.07113436
 -0.22492014  0.17826815 -0.01536184 -0.03785172 -0.19312866 -0.0586178
 -0.00448366  0.30920228 -0.1357982   0.2686494   0.01715348 -0.01071066
 -0.18843283  0.08313471  0.14187753  0.12109149 -0.05048336  0.07793097
 -0.1817047   0.18240869  0.06610074 -0.05502586  0.14107534 -0.2334121
 -0.010368   -0.07253904 -0.11863182  0.22256392 -0.09494691 -0.19369352
 -0.26175407  0.02016113  0.3484127  -0.10691626 -0.1412168  -0.13458793
 -0.10435786  0.15098858 -0.07706342 -0.00564181 -0.04953297 -0.19416514
 -0.01380738  0.06050631 -0.05117258  0.11790232 -0.05193168 -0.11579803
  0.11209314 -0.10443722 -0.35207254  0.04757027 -0.12261755 -0.12415388
  0.19816422  0.15391327 -0.05347263 -0.16906129  0.16780284 -0.03916408
  0.08256527 -0.17040339 -0.0022187  -0.00076371  0.18705438  0.31629977
 -0.3042318  -0.12928754 -0.07772832 -0.02997712  0.17023687  0.18487063
  0.19280714 -0.24427688  0.18550721 -0.10987838  0.16631271 -0.13339184
 -0.0777298   0.03188299 -0.00409519  0.3556931  -0.08358307  0.31721857
 -0.1166573   0.12962827 -0.05478551  0.19117989 -0.12176266 -0.04111089
 -0.12992434 -0.14349295  0.01568762 -0.18098469  0.02033854  0.16187504
  0.02964582  0.01210564 -0.21275754 -0.01940771 -0.20207027 -0.1397808
  0.12459864  0.18510912]"
cs.RO;cs;Robotics;http://www.wikidata.org/entity/Q170978;http://dbpedia.org/resource/Robotics;https://cso.kmi.open.ac.uk/topics/robotics;26.0;"[-7.96325803e-02 -3.01709056e-01  1.50309280e-01  6.13857448e-01
  4.66954142e-01 -1.29283324e-03  3.04594427e-01 -5.03095567e-01
  2.76912570e-01  3.76947284e-01 -2.63571471e-01 -5.76200485e-01
  4.24790561e-01 -1.80022106e-01 -7.30738401e-01 -3.15014601e-01
  1.35664940e-02 -1.02202535e+00 -6.19799495e-01 -2.51639068e-01
  3.20972145e-01 -2.08232328e-01  1.40547901e-01 -3.30644339e-01
  1.39780843e+00 -1.38131952e+00  6.23787045e-01  9.36947316e-02
  3.46993774e-01 -5.04233204e-02  5.50071597e-01 -1.61906064e-01
 -9.61294118e-03  4.45684731e-01  2.46551749e-03  5.45492768e-01
  5.99351227e-02  3.17892194e-01  8.96499097e-01 -5.64072013e-01
  2.28407711e-01 -6.44430935e-01  1.23661721e+00 -4.39342618e-01
 -4.02801573e-01  1.86838463e-01  1.09314358e+00 -8.74139726e-01
  4.70615089e-01 -5.92662573e-01  8.55731606e-01 -2.25655273e-01
  1.14105165e-01 -4.30904865e-01 -4.02559787e-01  2.97202915e-01
  3.25665504e-01  8.08789849e-01  1.76364351e-02 -1.99530050e-02
 -7.98171535e-02 -8.73899996e-01  1.01627577e-02  4.98566359e-01
 -4.44611497e-02 -2.01945994e-02  1.66165844e-01  9.33825254e-01
  1.60112351e-01  7.60226250e-01 -4.88405168e-01  4.17039514e-01
  4.20011938e-01  2.58636475e-01 -7.86433458e-01 -4.15826052e-01
 -4.61960852e-01  7.58642375e-01  1.94732934e-01 -5.85602283e-01
  2.28549596e-02 -6.52391791e-01 -3.32693338e-01  3.20464551e-01
 -3.69896322e-01  1.90811723e-01  2.46683940e-01  1.71515658e-01
  8.15457642e-01 -2.16197390e-02  1.09870128e-01 -2.25773171e-01
 -4.14300561e-01 -4.49624598e-01  1.39454961e-01  3.55345845e-01
 -2.79316604e-01  2.28232011e-01  2.28479683e-01 -3.67059618e-01
 -1.30241960e-02 -3.56823504e-01  6.04387403e-01  9.42280114e-01
  1.01523304e+00 -1.14813685e-01  7.95575023e-01 -4.35481548e-01
 -9.72607911e-01  1.45084605e-01  6.66299701e-01  1.69229507e-01
  7.68364012e-01  1.25391468e-01 -5.12543857e-01  1.16405584e-01
  5.67239225e-01 -1.56171605e-01  1.13592696e+00 -1.02929187e+00
  5.82982242e-01 -6.17695868e-01  1.48933157e-01  8.40740949e-02
 -1.57707348e-01 -3.10577571e-01 -1.18803406e+00 -3.33796740e-01
  2.08138525e-01 -6.25584051e-02  2.33005196e-01 -6.90089107e-01
  2.39627182e-01  1.16019659e-01 -9.47635889e-01 -4.55182463e-01
  3.79965156e-01 -1.15392101e+00 -5.79253197e-01 -1.22569911e-01
  1.79912090e-01 -7.24645734e-01 -3.93727809e-01 -1.03999294e-01
  7.27667034e-01 -2.76268363e-01 -1.52246368e+00  4.15819824e-01
 -1.46998182e-01 -5.03151238e-01 -1.60902552e-02  1.33703613e+00
 -3.75641316e-01 -1.65530488e-01  6.98273182e-01  2.89909601e-01
  1.01376688e+00  2.45135635e-01 -1.19867897e+00  2.43499465e-02
  9.36979830e-01  1.07358806e-01 -5.88681281e-01  1.10938191e-01
 -3.48861068e-01  2.54669160e-01 -3.19131702e-01  3.62862855e-01
  6.56262755e-01 -1.25477266e+00  2.61346549e-02 -9.17980075e-01
 -5.73225379e-01  3.61053646e-01 -5.32229617e-02 -2.74474740e-01
  1.40618142e-02 -4.90853548e-01 -1.48205440e-02  1.24684975e-01
 -1.25052854e-01  3.26611727e-01 -4.66370493e-01 -2.63050884e-01
 -3.40177685e-01 -7.11566806e-01 -5.14313936e-01 -2.05689549e-01
  8.51998389e-01 -4.88516033e-01 -8.98009688e-02 -6.83734417e-01
  2.51624286e-02  4.79966462e-01  6.06012046e-02 -4.84563112e-01
 -7.30327070e-01 -8.21220130e-02  6.29558980e-01 -1.92668080e-01]"
cs.SC;cs;Symbolic Computation;http://www.wikidata.org/wiki/Q175515;http://dbpedia.org/resource/Symbolic_computation;;27.0;"[-0.65115523 -0.47951344  0.23398559 -0.95652     0.21826363 -0.2559362
  0.39371634  0.87270236  0.21939436  0.20853023 -0.544282    0.35290933
  1.0157701  -0.16916074 -0.70785433 -0.15531038  0.0351614  -0.5887544
 -0.4059625   0.6648456   0.18806203 -0.05087373  0.61797774 -0.9278736
  1.4674919  -0.06263098  0.56762767 -0.20625283 -0.28915438  0.17590606
 -0.1382918  -0.44899565  0.54626197  0.36120602  0.28127387  0.5221956
  0.04522694  0.8307434   0.1721317   0.1621407   0.88962156  0.10391077
 -0.05881383  0.08409788  0.3632288   0.56075406 -0.32955176  0.48365542
  0.10396999 -0.24854474 -0.2897218   0.7047696  -0.92202526  0.23086637
 -0.4904773   0.00188388  0.23978654 -0.79101616  0.09880592  0.6181001
 -0.27005443  0.5746915  -0.5194875   0.36798182  0.27141896 -0.21563451
 -0.09700686  0.46396604  0.05855404  0.09821709 -0.13834797  0.14245753
 -0.21865213 -0.3582293   0.33274835 -0.23332512 -0.31701088  0.92826027
 -0.46281484  0.5852934   0.12609705  0.32960686  0.3106389  -0.58360946
 -0.28128314 -0.48351297  0.5453729   0.5923643  -0.3240075  -0.375152
 -0.3927396   0.22908191 -0.1136486  -0.23256262 -0.35964456  0.2733668
 -0.22844827  0.22643624  0.02828846 -0.35211915  0.13467205 -0.33147442
  0.6022964   0.34796944  0.10289677 -0.4585018   0.14322875  0.40279993
 -0.00716127  0.28850368 -0.50050783  0.09165288  0.03139373 -0.21894956
  0.12237273  0.06625491  0.88397574  0.25636956 -0.43254364 -0.38485602
  0.16451265 -0.90748394 -0.5737401   0.41765502 -0.5303751  -0.5819494
 -0.6590098   0.16176994 -0.54771686 -0.00547491 -0.6549392  -0.43652704
  0.39501357  0.9138083   0.20131542 -0.12170923  0.3372102  -0.40906495
  0.35606837 -0.87128437 -0.40351     1.0130824  -0.5248198  -0.36230382
  0.36731103 -0.4934638  -0.65723413  0.2873213  -0.07895825 -0.45100698
  0.09825356  0.70843506 -1.0198841  -0.7436119   0.5306484   0.7863843
 -0.36534107 -0.01506705  0.07530019  0.3142152   0.28635472  1.1810288
 -1.0040396  -0.8297083  -0.13184427  0.58182454  0.4152981  -0.1098383
 -0.13031705 -0.9765258   0.239611   -0.01347191 -0.06309433 -0.3906353
  0.23077045  0.51035047 -0.6408419   0.36807963  0.09468017  0.83858943
 -0.13005644  0.07191714  0.0294972  -0.06661954 -0.16057724  0.12840492
 -0.03244435  0.20908959  0.28201917 -0.04014946 -0.33591297  0.40216258
 -0.21088006 -0.02336029  0.2970643   0.5576279   0.5727097  -0.24089582
  0.6154418  -0.10372239]"
cs.SD;cs;Sound;http://www.wikidata.org/entity/Q11461;http://dbpedia.org/resource/Sound;;28.0;"[ 4.18555550e-02 -7.06938326e-01 -1.50691152e-01  8.55989695e-01
 -4.72358614e-02  1.25143016e-02 -8.01860809e-01  2.34469086e-01
  2.79475719e-01 -3.85316789e-01 -4.35540646e-01  2.67511666e-01
  6.47931039e-01 -1.00991823e-01  5.11862278e-01  2.94338036e-02
  2.12545797e-01 -6.24043941e-02 -6.72160625e-01  4.06655610e-01
  5.86411893e-01 -1.13891609e-01 -1.04930755e-02  2.30006695e-01
  2.79164314e-01 -5.69272041e-01  6.31414711e-01 -5.87133288e-01
 -1.45376086e+00  4.84712899e-01  9.20813441e-01 -2.62365341e-01
 -1.44253280e-02 -7.33881965e-02 -4.43190724e-01  5.08847237e-01
 -3.03986937e-01  8.36646140e-01  5.30240178e-01 -2.63848633e-01
  1.22007132e+00  5.88997483e-01  9.63836610e-01  4.83070016e-01
 -3.92575979e-01 -2.91185200e-01 -3.67865145e-01 -5.78117669e-01
  4.58102405e-01  1.06556344e+00  1.19842194e-01 -1.23239964e-01
 -3.61436605e-01 -7.47420907e-01  3.71104985e-01 -2.99137592e-01
  8.23389947e-01 -1.50356844e-01  7.97434688e-01 -1.23751664e-03
  4.09712106e-01  1.21818222e-01  2.69796789e-01  8.94461691e-01
  2.49144718e-01 -1.95685536e-01 -1.28025746e+00  8.71937871e-01
  4.71078277e-01  6.78853691e-02 -4.26833481e-01  4.34876889e-01
  4.33148667e-02  1.67486161e-01 -8.03626657e-01  7.89022028e-01
 -1.45438984e-01 -1.43233374e-01 -9.24955085e-02 -6.14307940e-01
  3.60519975e-01  7.42462650e-02  5.91436267e-01 -4.47614700e-01
 -2.88376331e-01  9.25363660e-01 -5.31140745e-01  6.95229113e-01
 -8.07762742e-02 -3.89971972e-01 -5.72279692e-01  4.71652150e-02
  6.28644705e-01 -7.43150473e-01 -4.05699551e-01  2.93933183e-01
 -2.46540979e-01  2.13749513e-01  4.28199947e-01 -3.00516218e-01
  4.03489798e-01  6.30258322e-02  6.58501208e-01  9.85233009e-01
 -7.43345797e-01 -4.40277040e-01 -7.52270147e-02 -5.33669651e-01
 -4.75892276e-01  3.57121795e-01 -2.28737041e-01 -1.17201412e+00
  1.09324062e+00  9.60594356e-01  6.63369894e-02 -2.65553772e-01
  5.68572879e-01 -3.13154548e-01  1.52230871e+00 -2.65462279e-01
 -3.34250271e-01  1.18124500e-01  4.70520586e-01 -1.55043334e-01
  1.20587431e-01 -9.48196828e-01  2.18639106e-01  3.68550152e-01
 -5.18902130e-02  2.68926173e-01 -1.14789851e-01 -2.76256710e-01
 -8.34754288e-01  5.09166658e-01 -4.40740258e-01 -8.48314285e-01
  6.99400306e-01 -4.03170377e-01 -3.12664866e-01  2.13335231e-01
  3.47746342e-01  1.47649154e-01  1.60366833e-01 -4.43169445e-01
  1.12123585e+00 -6.81901515e-01 -5.17663896e-01  2.59780824e-01
  6.05679750e-01  5.69051564e-01 -1.71296716e-01  9.76918042e-01
  1.75854713e-01 -8.10859442e-01  4.56801474e-01 -8.13024521e-01
 -6.23717844e-01 -8.57114613e-01 -3.82581145e-01 -3.37472945e-01
  4.06566299e-02  1.23991080e-01 -9.06538010e-01  6.33891761e-01
 -8.74109745e-01  1.57293737e-01 -2.59819716e-01  3.45624149e-01
  1.49668884e-02 -9.21780884e-01 -1.27651021e-01 -5.02283037e-01
 -1.44310877e-01 -6.30322769e-02  3.28004062e-01  1.67994723e-01
  2.72282988e-01  7.00054551e-03 -3.51968139e-01  5.27485609e-01
  4.09526601e-02 -3.09275389e-01 -4.76543337e-01 -5.67707121e-01
  1.39316067e-01 -3.52138951e-02  6.52894005e-02  2.57864922e-01
  5.90424359e-01 -9.32672441e-01 -2.64987439e-01  2.62683213e-01
  6.44614100e-01 -5.65875828e-01 -8.69334698e-01  1.93680730e-02
  2.83168495e-01 -1.02932370e+00 -4.61447179e-01  2.11970285e-01]"
cs.SE;cs;Software Engineering;http://www.wikidata.org/entity/Q80993;http://dbpedia.org/resource/Software_engineering;https://cso.kmi.open.ac.uk/topics/software_engineering;29.0;"[-2.61920661e-01 -1.90624706e-02  1.41122770e-02 -2.53147513e-01
  3.75361174e-01  3.07663288e-02 -3.59332301e-02  1.38588011e-01
  2.55780190e-01  1.44937366e-01 -4.64763045e-02 -2.82034248e-01
  6.80514947e-02  4.29356754e-01  2.13839754e-01 -4.44064140e-01
  2.88633723e-02 -1.11426318e+00 -5.40952981e-01 -5.87906003e-01
 -4.89417046e-01 -6.83292270e-01 -4.02489781e-01 -4.33960766e-01
  1.12881315e+00  1.30175889e-01  3.38708907e-02 -1.29545856e+00
  6.70447350e-01  4.68730360e-01  4.58609819e-01  2.41728261e-01
  8.06498945e-01 -2.25555018e-01 -3.62873912e-01  7.77974784e-01
  3.51716229e-03  3.90431285e-01  9.28620100e-01  6.60412133e-01
  8.27426493e-01  1.81602120e-01  1.43225467e+00 -1.33462203e+00
 -6.82624876e-01  1.46432489e-01  5.05020857e-01 -3.16789865e-01
  1.00708866e+00 -6.24361873e-01  8.10682327e-02  7.00104296e-01
 -3.83420706e-01  6.29777759e-02  7.56630003e-01  3.10479075e-01
  4.21794087e-01 -2.29669452e-01  9.59749818e-01  2.90657848e-01
  1.80169269e-01  3.10029954e-01 -7.92038143e-02  6.37571752e-01
  1.77049994e-01  2.69356128e-02 -2.51113594e-01  3.81703466e-01
 -2.77478456e-01 -6.47558868e-01  1.23504296e-01  2.30797410e-01
  5.37649870e-01 -5.78109205e-01  1.26270458e-01 -4.31564927e-01
  4.10408735e-01  8.51537943e-01 -1.18052366e-03 -8.00444365e-01
  1.16246752e-01 -2.15824991e-01 -3.03183906e-02  1.19732046e+00
 -2.05420718e-01 -4.90530342e-01 -4.60789017e-02  1.22869563e+00
  5.93545675e-01  6.71857953e-01 -5.74260950e-01  1.93753481e-01
  1.72671989e-01 -4.55269098e-01 -4.82501119e-01 -1.15611267e+00
 -1.04493248e+00 -6.62387669e-01 -2.30843380e-01 -3.96650463e-01
 -3.43739063e-01 -8.42238426e-01  3.75294477e-01  4.91947919e-01
  3.18500787e-01  7.32842684e-02  3.34797233e-01  4.82656270e-01
 -6.83027327e-01  4.26597856e-02  6.34842873e-01 -1.31119397e-02
 -2.73742199e-01 -2.19756454e-01 -3.90560448e-01  3.44204158e-01
  5.84969521e-01  3.67809594e-01  6.37264907e-01 -9.95509207e-01
  5.70881516e-02  3.80737245e-01 -3.58949937e-02 -3.74828011e-01
  1.12067795e+00 -4.79737967e-01 -1.19664475e-01  3.56700152e-01
  8.38867426e-01 -1.21673539e-01  3.29495281e-01  1.71290070e-01
 -4.12101507e-01  1.42828774e+00 -9.88374576e-02  9.35216919e-02
  1.11706052e-02 -8.91722798e-01  1.42103508e-01  3.52437198e-01
  2.83377226e-02  2.71729559e-01 -7.19565213e-01 -8.54320168e-01
  9.09290016e-01  9.20109916e-03 -1.06275308e+00  3.47367898e-02
 -7.31547102e-02  8.02922070e-01  9.84755993e-01  6.98146701e-01
 -7.00623930e-01 -8.90965760e-01 -7.91126192e-02 -2.87724994e-02
  8.71562958e-02 -6.01307452e-01 -9.73461270e-01 -5.06163351e-02
  4.31689233e-01  5.33985376e-01 -9.60218847e-01  1.06402487e-01
  2.62585014e-01 -2.76028603e-01  4.57377493e-01  1.07460845e+00
 -2.20971122e-01 -9.11480308e-01  8.77799451e-01  1.91836372e-01
 -1.35125905e-01 -9.45764109e-02  3.16368699e-01 -6.94239795e-01
  1.46434277e-01 -1.81412905e-01 -2.83267796e-02  1.94622800e-01
 -3.74580711e-01  2.23358780e-01 -1.49835408e-01  3.41546923e-01
 -4.66119677e-01 -1.03491819e+00 -8.10501218e-01 -3.93387169e-01
 -2.84295410e-01 -5.51149845e-01 -3.40817124e-01 -2.10299239e-01
  4.88717318e-01  5.91250837e-01  2.96804041e-01 -4.11196262e-01
  3.95645827e-01 -8.87084424e-01  2.93782920e-01  2.91605532e-01]"
cs.SI;cs;Social and Information Networks;;;;;
cs.SY;cs;Systems and Control;https://www.wikidata.org/wiki/Q959968;http://dbpedia.org/resource/Control_system;https://cso.kmi.open.ac.uk/topics/control_system;30.0;"[-5.84407389e-01 -2.89793611e-01 -5.09740233e-01 -8.00118521e-02
 -1.48142442e-01 -1.01831429e-01 -3.34662437e-01 -3.68615419e-01
 -4.57294703e-01  1.92194015e-01 -2.96027660e-01 -4.19992924e-01
  2.13798776e-01 -3.45974356e-01 -3.98393601e-01  1.59335047e-01
  4.02615696e-01 -3.64569485e-01 -8.61970067e-01 -2.10047871e-01
 -8.90847594e-02 -3.32216024e-01 -1.01019430e+00 -2.06457630e-01
  9.55431938e-01 -9.80223298e-01 -5.97794235e-01 -7.77062953e-01
  2.78079122e-01  5.71191430e-01  4.81149167e-01 -1.48143470e-01
 -3.05034578e-01  3.59153092e-01  1.30742565e-02  2.78298967e-02
  4.78497967e-02  1.68593228e-01  5.34454882e-01  1.89142972e-01
 -1.72382481e-02  2.02904865e-01  6.54330373e-01  2.30884835e-01
 -2.96615690e-01  9.10394609e-01  8.08551311e-01 -1.22709624e-01
 -8.26340988e-02 -5.79989910e-01  4.05640662e-01  1.11493215e-01
 -4.89561170e-01  1.20144278e-01  3.60161401e-02  3.66929471e-01
 -2.12698281e-01 -6.54941618e-01  8.10456276e-01 -3.50283295e-01
 -3.24943900e-01  2.10863933e-01 -2.59841591e-01 -1.16263375e-01
  9.77290273e-01 -5.13696015e-01 -1.06137935e-02 -2.70735025e-01
 -3.89780313e-01  4.98991311e-01 -8.71633589e-02  1.21287301e-01
  1.32201299e-01  6.33565709e-02  1.05196917e+00  1.74841583e-01
  2.55398601e-01  7.04209089e-01  3.58843893e-01 -9.33955967e-01
  1.64488643e-01 -7.71321476e-01  3.32831174e-01 -6.44178316e-02
 -7.40592659e-01 -2.94986099e-01 -2.20983222e-01  4.13009197e-01
  4.77887839e-01 -6.38586702e-03 -4.41643834e-01  1.85978144e-01
 -5.37462473e-01 -2.79988587e-01 -1.08835530e+00 -3.39463294e-01
 -2.49194220e-01  3.07557344e-01 -6.10466778e-01  9.07158256e-02
 -1.95591524e-01  9.76293147e-01  8.14980567e-01  1.24176633e+00
  4.90856022e-02 -5.67675710e-01 -3.97547454e-01  4.06638861e-01
 -1.74059600e-01  2.39958063e-01  9.10491571e-02  7.64431834e-01
  5.37740827e-01 -3.43538463e-01 -2.14203000e-01  4.17601794e-01
  1.12021109e-03 -6.45269156e-02 -4.89165843e-01 -5.58534563e-01
 -1.95271112e-02  1.51368365e-01 -4.83471215e-01  3.38858575e-01
 -1.00861967e-01  3.24704713e-04  1.70913994e-01  9.13902581e-01
 -6.73530903e-03  2.49407053e-01  1.73693329e-01 -1.75083846e-01
 -6.96273685e-01  1.14286280e+00  3.28527063e-01 -1.63368776e-01
  8.33113268e-02  1.17808975e-01  5.90188384e-01 -2.32543260e-01
 -1.22372732e-01  1.02953982e+00 -1.02452345e-01 -1.79748178e-01
  5.22779465e-01  3.53448868e-01 -7.33956814e-01  9.56375301e-01
 -4.45787668e-01 -2.73498535e-01  1.13294840e-01  3.14368606e-01
 -4.86621797e-01 -6.14931807e-02 -7.30490327e-01  6.28272295e-01
 -8.65499824e-02 -2.80687869e-01  3.37483287e-01  1.19491708e+00
  8.69697988e-01  8.63077104e-01  4.62638259e-01  3.15877974e-01
  4.39884931e-01 -8.25179517e-02 -3.64882529e-01  2.85945058e-01
  9.23897978e-03 -1.02230763e+00  1.33433652e+00  2.45276183e-01
  7.80183554e-01 -3.32631059e-02 -6.81517040e-03 -9.50141251e-01
 -7.50218034e-01  4.02632415e-01  9.66209099e-02 -4.11071539e-01
 -8.56991053e-01  2.28483409e-01  1.93515405e-01 -9.98381078e-02
  2.59597749e-01 -6.05835140e-01  6.08283244e-02 -1.06370914e+00
 -1.26530245e-01 -2.86977857e-01  3.96395504e-01 -3.71713340e-01
  8.51034224e-02  1.01672418e-01 -4.26996887e-01  1.76832229e-01
 -2.06109677e-02 -1.22891676e+00 -8.48081335e-02  1.92306250e-01]"
econ.EM;econ;Econometrics;;;;;
eess.AS;eess;Audio and Speech Processing;;;;;
eess.IV;eess;Image and Video Processing;;;;;
eess.SP;eess;Signal Processing;;;;;
gr-qc;;General Relativity and Quantum Cosmology;;;;;
hep-ex;;High Energy Physics - Experiment;;;;;
hep-lat;;High Energy Physics - Lattice;;;;;
hep-ph;;High Energy Physics - Phenomenology;;;;;
hep-th;;High Energy Physics - Theory;;;;;
math.AC;math;Commutative Algebra;;;;;
math.AG;math;Algebraic Geometry;;;;;
math.AP;math;Analysis of PDEs;;;;;
math.AT;math;Algebraic Topology;;;;;
math.CA;math;Classical Analysis and ODEs;;;;;
math.CO;math;Combinatorics;;;;;
math.CT;math;Category Theory;;;;;
math.CV;math;Complex Variables;;;;;
math.DG;math;Differential Geometry;;;;;
math.DS;math;Dynamical Systems;;;;;
math.FA;math;Functional Analysis;;;;;
math.GM;math;General Mathematics;;;;;
math.GN;math;General Topology;;;;;
math.GR;math;Group Theory;;;;;
math.GT;math;Geometric Topology;;;;;
math.HO;math;History and Overview;;;;;
math.IT;math;Information Theory;;;;;
math.KT;math;K-Theory and Homology;;;;;
math.LO;math;Logic;;;;;
math.MG;math;Metric Geometry;;;;;
math.MP;math;Mathematical Physics;;;;;
math.NA;math;Numerical Analysis;;;;;
math.NT;math;Number Theory;;;;;
math.OA;math;Operator Algebras;;;;;
math.OC;math;Optimization and Control;;;;;
math.PR;math;Probability;;;;;
math.QA;math;Quantum Algebra;;;;;
math.RA;math;Rings and Algebras;;;;;
math.RT;math;Representation Theory;;;;;
math.SG;math;Symplectic Geometry;;;;;
math.SP;math;Spectral Theory;;;;;
math.ST;math;Statistics Theory;;;;;
math-ph;;Mathematical Physics;;;;;
nlin.AO;nlin;Adaptation and Self-Organizing Systems;;;;;
nlin.CD;nlin;Chaotic Dynamics;;;;;
nlin.CG;nlin;Cellular Automata and Lattice Gases;;;;;
nlin.PS;nlin;Pattern Formation and Solitons;;;;;
nlin.SI;nlin;Exactly Solvable and Integrable Systems;;;;;
nucl-ex;;Nuclear Experiment;;;;;
nucl-th;;Nuclear Theory;;;;;
physics.acc-ph;physics;Accelerator Physics;;;;;
physics.ao-ph;physics;Atmospheric and Oceanic Physics;;;;;
physics.app-ph;physics;Applied Physics;;;;;
physics.atm-clus;physics;Atomic and Molecular Clusters;;;;;
physics.atom-ph;physics;Atomic Physics;;;;;
physics.bio-ph;physics;Biological Physics;;;;;
physics.chem-ph;physics;Chemical Physics;;;;;
physics.class-ph;physics;Classical Physics;;;;;
physics.comp-ph;physics;Computational Physics;;;;;
physics.data-an;physics;Data Analysis, Statistics and Probability;;;;;
physics.ed-ph;physics;Physics Education;;;;;
physics.flu-dyn;physics;Fluid Dynamics;;;;;
physics.gen-ph;physics;General Physics;;;;;
physics.geo-ph;physics;Geophysics;;;;;
physics.hist-ph;physics;History and Philosophy of Physics;;;;;
physics.ins-det;physics;Instrumentation and Detectors;;;;;
physics.med-ph;physics;Medical Physics;;;;;
physics.optics;physics;Optics;;;;;
physics.plasm-ph;physics;Plasma Physics;;;;;
physics.pop-ph;physics;Popular Physics;;;;;
physics.soc-ph;physics;Physics and Society;;;;;
physics.space-ph;physics;Space Physics;;;;;
q-bio.BM;q-bio;Biomolecules;;;;;
q-bio.CB;q-bio;Cell Behavior;;;;;
q-bio.GN;q-bio;Genomics;;;;;
q-bio.MN;q-bio;Molecular Networks;;;;;
q-bio.NC;q-bio;Neurons and Cognition;;;;;
q-bio.OT;q-bio;Other Quantitative Biology;;;;;
q-bio.PE;q-bio;Populations and Evolution;;;;;
q-bio.QM;q-bio;Quantitative Methods;;;;;
q-bio.SC;q-bio;Subcellular Processes;;;;;
q-bio.TO;q-bio;Tissues and Organs;;;;;
q-fin.CP;q-fin;Computational Finance;;;;;
q-fin.EC;q-fin;Economics;;;;;
q-fin.GN;q-fin;General Finance;;;;;
q-fin.MF;q-fin;Mathematical Finance;;;;;
q-fin.PM;q-fin;Portfolio Management;;;;;
q-fin.PR;q-fin;Pricing of Securities;;;;;
q-fin.RM;q-fin;Risk Management;;;;;
q-fin.ST;q-fin;Statistical Finance;;;;;
q-fin.TR;q-fin;Trading and Market Microstructure;;;;;
quant-ph;;Quantum Physics;;;;;
stat.AP;stat;Applications;;;;;
stat.CO;stat;Computation;;;;;
stat.ME;stat;Methodology;;;;;
stat.ML;stat;Machine Learning;;;;;
stat.OT;stat;Other Statistics;;;;;
stat.TH;stat;Statistics Theory;;;;;
